level,shot,target,pigsBefore,pigsAfter
1,0-34,stone8,9,9
1,0-34-39,stone9,9,9
1,0-34-39-32,stone8,9,9
1,0-34-39-32-40,stone9,9,2
1,0-39,stone9,9,9
1,0-39-27,wood6,9,9
1,0-39-27-16,stone3,9,5
1,0-39-27-16-3,stone16,5,2
1,0-43,wood1,9,9
1,0-43-34,stone7,9,9
1,0-43-34-37,wood5,9,9
1,0-43-34-37-29,stone6,9,2
1,0-39,stone9,9,9
1,0-39-5,stone13,9,9
1,0-39-5-34,stone8,9,9
1,0-39-5-34-16,stone3,9,2
1,0-35,stone8,9,9
1,0-35-28,stone7,9,9
1,0-35-28-29,stone6,9,9
1,0-35-28-29-57,wood4,9,2
1,0-16,stone3,9,9
1,0-16-40,stone9,9,9
1,0-16-40-36,stone8,9,7
1,0-16-40-36-37,stone5,7,2
1,0-32,stone8,9,9
1,0-32-17,stone4,9,9
1,0-32-17-4,stone12,9,9
1,0-32-17-4-3,ice2,9,2
1,0-28,stone5,9,9
1,0-28-37,stone7,9,8
1,0-28-37-14,stone2,8,8
1,0-28-37-14-42,stone8,8,2
1,0-44,wood1,9,9
1,0-44-12,stone16,9,9
1,0-44-12-43,wood0,9,9
1,0-44-12-43-18,stone10,9,2
1,0-20,stone4,9,9
1,0-20-7,stone12,9,9
1,0-20-7-6,stone12,9,9
1,0-20-7-6-31,stone5,9,2
1,0-10,stone17,9,9
1,0-10-17,stone4,9,5
1,0-10-17-9,stone2,5,5
1,0-10-17-9-1,stone12,5,0
1,0-20,stone4,9,9
1,0-20-9,stone12,9,9
1,0-20-9-9,stone12,9,9
1,0-20-9-9-34,stone5,9,2
1,0-11,stone17,9,9
1,0-11-15,stone21,9,9
1,0-11-15-12,stone17,9,9
1,0-11-15-12-38,stone9,9,2
1,0-46,wood7,9,9
1,0-46-20,stone3,9,9
1,0-46-20-45,stone8,9,9
1,0-46-20-45-37,stone7,9,2
1,0-10,stone17,9,9
1,0-10-14,stone21,9,9
1,0-10-14-25,stone4,9,8
1,0-10-14-25-8,stone14,8,2
1,0-49,wood7,9,9
1,0-49-4,stone13,9,9
1,0-49-4-20,stone3,9,9
1,0-49-4-20-27,stone6,9,2
1,0-26,stone5,9,9
1,0-26-33,stone8,9,9
1,0-26-33-31,stone5,9,8
1,0-26-33-31-21,stone10,8,2
1,0-0,ice6,9,9
1,0-0-52,wood8,9,8
1,0-0-52-1,ice5,8,8
1,0-0-52-1-4,stone13,8,2
1,0-29,stone5,9,9
1,0-29-30,stone8,9,8
1,0-29-30-11,stone17,8,8
1,0-29-30-11-16,stone2,8,0
1,0-19,stone4,9,9
1,0-19-23,stone5,9,9
1,0-19-23-36,stone6,9,9
1,0-19-23-36-12,stone15,9,2
1,0-8,stone13,9,9
1,0-8-32,stone7,9,9
1,0-8-32-25,stone4,9,9
1,0-8-32-25-38,stone7,9,2
1,0-47,wood7,9,9
1,0-47-41,stone8,9,9
1,0-47-41-20,stone2,9,9
1,0-47-41-20-46,wood1,9,2
1,0-29,stone5,9,9
1,0-29-20,stone5,9,8
1,0-29-20-33,stone8,8,8
1,0-29-20-33-40,stone8,8,2
1,0-10,stone17,9,9
1,0-10-30,stone6,9,8
1,0-10-30-4,stone13,8,8
1,0-10-30-4-40,stone8,8,2
1,0-32,stone8,9,9
1,0-32-18,stone4,9,9
1,0-32-18-15,stone15,9,9
1,0-32-18-15-30,stone5,9,2
1,0-13,stone23,9,9
1,0-13-32,stone5,9,9
1,0-13-32-6,stone15,9,9
1,0-13-32-6-25,stone5,9,0
1,0-2,stone13,9,9
1,0-2-26,stone5,9,9
1,0-2-26-18,stone3,9,9
1,0-2-26-18-7,stone13,9,2
1,0-8,stone13,9,9
1,0-8-49,wood8,9,7
1,0-8-49-29,stone6,7,7
1,0-8-49-29-0,ice3,7,0
1,0-19,stone4,9,9
1,0-19-51,wood7,9,9
1,0-19-51-18,stone5,9,5
1,0-19-51-18-5,stone16,5,2
1,0-18,stone4,9,9
1,0-18-35,stone8,9,9
1,0-18-35-34,stone7,9,9
1,0-18-35-34-33,stone5,9,2
1,0-29,stone5,9,9
1,0-29-23,stone5,9,9
1,0-29-23-44,wood3,9,7
1,0-29-23-44-27,stone5,7,2
1,0-27,stone5,9,9
1,0-27-48,wood6,9,9
1,0-27-48-50,wood7,9,5
1,0-27-48-50-15,stone21,5,2
1,0-46,wood7,9,9
1,0-46-4,stone13,9,9
1,0-46-4-43,wood0,9,7
1,0-46-4-43-1,stone11,7,2
1,0-32,stone8,9,9
1,0-32-16,stone4,9,5
1,0-32-16-13,stone14,5,5
1,0-32-16-13-16,stone2,5,2
1,0-42,wood0,9,9
1,0-42-41,wood0,9,7
1,0-42-41-19,stone2,7,7
1,0-42-41-19-0,stone0,7,2
1,0-2,stone13,9,9
1,0-2-31,stone6,9,9
1,0-2-31-23,stone5,9,7
1,0-2-31-23-9,stone1,7,2
1,0-7,stone13,9,9
1,0-7-15,stone21,9,9
1,0-7-15-41,wood0,9,6
1,0-7-15-41-37,wood2,6,2
1,0-43,wood1,9,9
1,0-43-37,wood6,9,9
1,0-43-37-19,stone2,9,7
1,0-43-37-19-7,stone1,7,2
1,0-26,stone5,9,9
1,0-26-33,stone8,9,8
1,0-26-33-27,stone4,9,8
1,0-26-33-27-3,stone13,8,2
1,0-30,stone8,9,9
1,0-30-29,stone7,9,9
1,0-30-29-0,stone7,9,9
1,0-30-29-0-48,wood7,9,2
1,0-17,stone3,9,9
1,0-17-52,wood2,9,9
1,0-17-52-14,stone2,9,8
1,0-17-52-14-22,stone21,8,2
1,0-50,wood7,9,9
1,0-50-23,stone4,9,9
1,0-50-23-27,stone5,9,9
1,0-50-23-27-3,stone11,9,2
1,0-3,stone13,9,9
1,0-3-27,stone5,9,9
1,0-3-27-22,stone21,9,9
1,0-3-27-22-29,stone6,9,2
1,0-39,stone9,9,9
1,0-39-26,stone7,9,8
1,0-39-26-16,stone3,8,8
1,0-39-26-16-28,stone7,8,2
1,0-31,stone8,9,9
1,0-31-26,stone4,9,9
1,0-31-26-10,stone18,9,9
1,0-31-26-10-24,stone7,9,2
1,0-36,stone9,9,9
1,0-36-25,stone5,9,8
1,0-36-25-0,ice2,8,7
1,0-36-25-0-21,stone3,7,2
1,0-5,stone13,9,9
1,0-5-13,stone22,9,9
1,0-5-13-20,stone3,9,9
1,0-5-13-20-8,stone13,9,2
1,0-41,wood0,9,9
1,0-41-20,stone3,9,9
1,0-41-20-26,stone5,9,9
1,0-41-20-26-3,stone11,9,2
1,0-1,ice6,9,9
1,0-1-7,stone13,9,9
1,0-1-7-37,stone5,9,8
1,0-1-7-37-46,wood0,8,2
1,0-13,stone23,9,9
1,0-13-11,stone17,9,9
1,0-13-11-44,wood1,9,6
1,0-13-11-44-2,stone0,6,2
1,0-13,stone23,9,9
1,0-13-6,stone13,9,9
1,0-13-6-21,stone3,9,7
1,0-13-6-21-21,stone5,7,2
1,0-1,ice6,9,9
1,0-1-12,stone13,9,9
1,0-1-12-25,stone6,9,9
1,0-1-12-25-59,wood2,9,2
1,0-0,ice6,9,9
1,0-0-43,stone9,9,9
1,0-0-43-24,stone4,9,8
1,0-0-43-24-16,stone11,8,2
1,0-38,stone9,9,9
1,0-38-29,stone5,9,9
1,0-38-29-45,wood8,9,9
1,0-38-29-45-1,ice3,9,2
1,0-43,wood1,9,9
1,0-43-16,stone2,9,7
1,0-43-16-23,stone2,7,7
1,0-43-16-23-17,stone10,7,2
1,0-24,stone5,9,9
1,0-24-35,stone8,9,9
1,0-24-35-32,stone7,9,9
1,0-24-35-32-54,wood4,9,0
1,0-23,stone5,9,9
1,0-23-21,stone6,9,9
1,0-23-21-27,stone6,9,8
1,0-23-21-27-31,stone5,8,2
1,0-18,stone4,9,9
1,0-18-35,stone8,9,9
1,0-18-35-35,stone7,9,9
1,0-18-35-35-42,stone9,9,2
1,0-24,stone5,9,9
1,0-24-11,stone17,9,9
1,0-24-11-43,wood0,9,7
1,0-24-11-43-5,stone0,7,2
1,0-21,stone4,9,9
1,0-21-48,wood8,9,5
1,0-21-48-26,stone4,5,5
1,0-21-48-26-28,stone9,5,0
1,0-31,stone8,9,9
1,0-31-1,ice5,9,7
1,0-31-1-13,stone20,7,7
1,0-31-1-13-34,stone6,7,2
1,0-48,wood7,9,9
1,0-48-46,wood2,9,9
1,0-48-46-15,stone2,9,9
1,0-48-46-15-45,stone8,9,2
1,0-15,stone23,9,9
1,0-15-7,stone13,9,9
1,0-15-7-34,stone6,9,9
1,0-15-7-34-31,stone6,9,2
1,0-24,stone5,9,9
1,0-24-4,stone13,9,9
1,0-24-4-28,wood6,9,9
1,0-24-4-28-15,stone2,9,2
1,0-11,stone17,9,9
1,0-11-48,wood8,9,9
1,0-11-48-46,wood6,9,8
1,0-11-48-46-38,stone7,8,2
1,0-41,wood0,9,9
1,0-41-14,stone2,9,6
1,0-41-14-16,stone18,6,6
1,0-41-14-16-1,stone1,6,2
1,0-2,stone13,9,9
1,0-2-26,stone5,9,9
1,0-2-26-44,wood0,9,9
1,0-2-26-44-17,stone14,9,2
1,0-2,stone13,9,9
1,0-2-22,stone4,9,9
1,0-2-22-28,stone8,9,8
1,0-2-22-28-14,stone21,8,2
1,0-43,wood1,9,9
1,0-43-29,stone4,9,9
1,0-43-29-25,stone3,9,8
1,0-43-29-25-44,stone7,8,2
1,0-45,wood7,9,9
1,0-45-20,stone3,9,9
1,0-45-20-49,wood0,9,9
1,0-45-20-49-37,stone5,9,2
1,0-16,stone3,9,9
1,0-16-7,stone13,9,9
1,0-16-7-14,stone21,9,9
1,0-16-7-14-44,wood0,9,2
1,0-21,stone4,9,9
1,0-21-22,stone4,9,9
1,0-21-22-9,stone13,9,9
1,0-21-22-9-36,stone8,9,2
1,0-18,stone4,9,9
1,0-18-36,stone8,9,9
1,0-18-36-17,stone4,9,9
1,0-18-36-17-35,stone7,9,2
1,0-14,stone23,9,9
1,0-14-18,stone3,9,9
1,0-14-18-43,wood0,9,9
1,0-14-18-43-42,stone6,9,2
1,0-14,stone23,9,9
1,0-14-3,stone13,9,9
1,0-14-3-44,wood0,9,9
1,0-14-3-44-6,stone1,9,2
1,0-5,stone13,9,9
1,0-5-38,stone9,9,9
1,0-5-38-3,stone14,9,9
1,0-5-38-3-28,stone8,9,0
1,0-1,ice6,9,9
1,0-1-18,stone21,9,9
1,0-1-18-45,wood8,9,8
1,0-1-18-45-44,stone6,8,2
1,0-29,stone5,9,9
1,0-29-21,stone5,9,9
1,0-29-21-28,stone6,9,9
1,0-29-21-28-17,stone3,9,2
1,0-35,stone8,9,9
1,0-35-43,wood0,9,6
1,0-35-43-4,stone19,6,6
1,0-35-43-4-10,stone2,6,2
1,0-30,stone8,9,9
1,0-30-48,wood5,9,7
1,0-30-48-2,ice4,7,7
1,0-30-48-2-35,stone5,7,2
1,0-29,stone5,9,9
1,0-29-26,stone6,9,9
1,0-29-26-18,stone2,9,9
1,0-29-26-18-13,stone15,9,2
1,0-44,wood1,9,9
1,0-44-38,stone8,9,9
1,0-44-38-45,wood0,9,9
1,0-44-38-45-35,stone5,9,2
1,0-35,stone8,9,9
1,0-35-10,stone13,9,9
1,0-35-10-27,stone7,9,9
1,0-35-10-27-19,stone4,9,0
1,0-35,stone8,9,9
1,0-35-10,stone13,9,9
1,0-35-10-45,wood1,9,9
1,0-35-10-45-49,stone5,9,2
1,0-1,ice6,9,9
1,0-1-29,stone4,9,9
1,0-1-29-9,stone14,9,9
1,0-1-29-9-14,stone22,9,2
1,0-32,stone8,9,9
1,0-32-41,wood0,9,7
1,0-32-41-46,stone6,7,7
1,0-32-41-46-4,stone1,7,2
1,0-12,stone17,9,9
1,0-12-46,wood8,9,9
1,0-12-46-2,stone13,9,9
1,0-12-46-2-20,stone5,9,2
1,0-23,stone5,9,9
1,0-23-36,stone8,9,9
1,0-23-36-37,stone9,9,9
1,0-23-36-37-42,wood0,9,2
1,0-7,stone13,9,9
1,0-7-2,ice6,9,9
1,0-7-2-40,stone8,9,9
1,0-7-2-40-9,stone12,9,2
1,0-29,stone5,9,9
1,0-29-29,stone6,9,9
1,0-29-29-32,stone8,9,9
1,0-29-29-32-58,wood7,9,2
1,0-22,stone4,9,9
1,0-22-9,stone13,9,9
1,0-22-9-24,stone4,9,9
1,0-22-9-24-33,stone6,9,2
1,0-46,wood7,9,9
1,0-46-15,stone22,9,9
1,0-46-15-17,stone3,9,8
1,0-46-15-17-31,stone6,8,2
1,0-17,stone3,9,9
1,0-17-33,stone5,9,9
1,0-17-33-8,stone13,9,9
1,0-17-33-8-23,stone3,9,2
1,0-43,wood1,9,9
1,0-43-2,ice5,9,9
1,0-43-2-42,stone8,9,9
1,0-43-2-42-18,stone3,9,0
1,0-12,stone17,9,9
1,0-12-35,stone6,9,9
1,0-12-35-2,ice6,9,9
1,0-12-35-2-38,stone6,9,2
1,0-7,stone13,9,9
1,0-7-23,stone4,9,8
1,0-7-23-33,stone7,8,8
1,0-7-23-33-33,stone8,8,2
1,0-33,stone8,9,9
1,0-33-6,stone13,9,9
1,0-33-6-39,stone9,9,9
1,0-33-6-39-4,stone13,9,2
1,0-33,stone8,9,9
1,0-33-40,wood0,9,9
1,0-33-40-15,stone11,9,9
1,0-33-40-15-1,ice2,9,2
1,0-5,stone13,9,9
1,0-5-23,stone5,9,9
1,0-5-23-17,stone3,9,9
1,0-5-23-17-3,stone15,9,2
1,0-5,stone13,9,9
1,0-5-19,stone3,9,9
1,0-5-19-13,stone23,9,9
1,0-5-19-13-0,stone23,9,2
1,0-40,stone9,9,9
1,0-40-13,stone17,9,9
1,0-40-13-44,wood8,9,7
1,0-40-13-44-14,stone2,7,2
2,0-9,stone15,1,1
2,0-9-16,ice11,1,0
2,0-3,ice12,1,0
2,0-2,ice12,1,1
2,0-2-5,ice12,1,0
2,0-1,ice12,1,1
2,0-1-2,stone12,1,1
2,0-1-2-3,stone14,1,1
2,0-1-2-3-2,stone12,1,0
2,0-2,ice12,1,1
2,0-2-16,stone10,1,1
2,0-2-16-3,ice14,1,0
2,0-9,stone15,1,1
2,0-9-12,ice11,1,1
2,0-9-12-0,ice11,1,0
2,0-6,ice7,1,1
2,0-6-9,stone3,1,1
2,0-6-9-0,ice11,1,0
2,0-10,stone9,1,1
2,0-10-4,ice11,1,1
2,0-10-4-9,ice11,1,0
2,0-0,ice12,1,0
2,0-5,ice12,1,1
2,0-5-4,stone14,1,1
2,0-5-4-10,stone9,1,1
2,0-5-4-10-4,ice12,1,0
2,0-1,ice12,1,1
2,0-1-4,stone14,1,1
2,0-1-4-0,ice7,1,1
2,0-1-4-0-0,stone0,1,1
2,0-1-4-0-0-1,stone0,1,2
2,0-1,ice12,1,1
2,0-1-4,stone14,1,1
2,0-1-4-1,stone11,1,1
2,0-1-4-1-0,ice15,1,1
2,0-1-4-1-0-0,ice7,1,2
2,0-10,stone9,1,1
2,0-10-6,ice6,1,1
2,0-10-6-3,ice10,1,1
2,0-10-6-3-3,stone12,1,1
2,0-10-6-3-3-4,stone0,1,1
2,0-1,ice12,1,1
2,0-1-4,stone14,1,1
2,0-1-4-1,stone11,1,0
2,0-4,ice12,1,1
2,0-4-2,ice13,1,0
2,0-2,ice12,1,1
2,0-2-12,ice12,1,0
2,0-7,stone10,1,1
2,0-7-7,stone14,1,1
2,0-7-7-6,ice11,1,1
2,0-7-7-6-1,ice6,1,1
2,0-7-7-6-1-1,ice11,1,0
2,0-10,stone9,1,1
2,0-10-2,ice11,1,1
2,0-10-2-5,stone11,1,1
2,0-10-2-5-2,ice6,1,1
2,0-10-2-5-2-5,stone2,1,1
2,0-4,ice12,1,1
2,0-4-0,ice13,1,1
2,0-4-0-3,stone14,1,1
2,0-4-0-3-0,ice7,1,1
2,0-4-0-3-0-1,stone0,1,2
2,0-10,stone9,1,1
2,0-10-3,ice11,1,0
2,0-9,stone15,1,1
2,0-9-17,ice16,1,1
2,0-9-17-11,ice11,1,0
2,0-8,stone15,1,1
2,0-8-3,ice11,1,0
2,0-6,ice7,1,1
2,0-6-0,ice10,1,1
2,0-6-0-3,stone2,1,1
2,0-6-0-3-1,stone10,1,0
2,0-5,ice12,1,0
2,0-2,ice12,1,1
2,0-2-10,ice12,1,0
2,0-4,ice12,1,1
2,0-4-3,ice13,1,1
2,0-4-3-1,stone10,1,1
2,0-4-3-1-1,stone12,1,1
2,0-4-3-1-1-1,stone13,1,0
2,0-2,ice12,1,1
2,0-2-17,stone16,1,0
2,0-4,ice12,1,1
2,0-4-6,stone10,1,1
2,0-4-6-9,stone7,1,1
2,0-4-6-9-5,ice12,1,0
2,0-10,stone9,1,1
2,0-10-1,ice11,1,1
2,0-10-1-7,stone9,1,1
2,0-10-1-7-6,stone14,1,1
2,0-10-1-7-6-3,stone10,1,2
2,0-8,stone15,1,1
2,0-8-11,ice11,1,1
2,0-8-11-5,ice6,1,1
2,0-8-11-5-9,stone2,1,1
2,0-8-11-5-9-2,ice12,1,2
2,0-10,stone9,1,1
2,0-10-6,ice6,1,1
2,0-10-6-2,ice10,1,1
2,0-10-6-2-7,stone0,1,1
2,0-10-6-2-7-2,ice12,1,0
2,0-7,stone10,1,1
2,0-7-9,stone7,1,1
2,0-7-9-4,ice11,1,1
2,0-7-9-4-0,ice11,1,0
2,0-4,ice12,1,1
2,0-4-9,stone15,1,1
2,0-4-9-10,stone7,1,1
2,0-4-9-10-10,stone8,1,1
2,0-4-9-10-10-1,ice12,1,0
2,0-1,ice12,1,1
2,0-1-3,stone14,1,1
2,0-1-3-7,stone12,1,1
2,0-1-3-7-1,ice15,1,0
2,0-7,stone10,1,1
2,0-7-3,ice11,1,1
2,0-7-3-3,stone13,1,0
2,0-7,stone10,1,1
2,0-7-2,ice11,1,1
2,0-7-2-6,stone11,1,1
2,0-7-2-6-8,stone11,1,1
2,0-7-2-6-8-2,ice11,1,2
2,0-6,ice7,1,1
2,0-6-5,ice10,1,0
2,0-1,ice12,1,1
2,0-1-1,stone10,1,1
2,0-1-1-10,stone7,1,1
2,0-1-1-10-6,ice6,1,1
2,0-1-1-10-6-0,ice11,1,0
2,0-4,ice12,1,1
2,0-4-4,ice13,1,0
2,0-1,ice12,1,1
2,0-1-0,ice7,1,1
2,0-1-0-6,stone2,1,1
2,0-1-0-6-5,stone10,1,1
2,0-1-0-6-5-1,ice13,1,0
2,0-2,ice12,1,1
2,0-2-13,ice13,1,0
2,0-1,ice12,1,1
2,0-1-4,stone14,1,1
2,0-1-4-1,stone11,1,0
2,0-5,ice12,1,0
2,0-7,stone10,1,1
2,0-7-0,ice11,1,0
2,0-1,ice12,1,1
2,0-1-4,stone14,1,1
2,0-1-4-0,ice7,1,1
2,0-1-4-0-0,stone0,1,1
2,0-1-4-0-0-2,stone10,1,0
2,0-1,ice12,1,1
2,0-1-1,stone10,1,1
2,0-1-1-6,ice6,1,1
2,0-1-1-6-1,ice13,1,0
2,0-6,ice7,1,1
2,0-6-6,stone13,1,1
2,0-6-6-6,stone2,1,1
2,0-6-6-6-1,ice13,1,0
2,0-9,stone15,1,1
2,0-9-21,ice6,1,1
2,0-9-21-5,stone12,1,1
2,0-9-21-5-0,ice10,1,1
2,0-9-21-5-0-1,stone3,1,1
2,0-6,ice7,1,1
2,0-6-10,stone5,1,1
2,0-6-10-6,ice10,1,0
2,0-10,stone9,1,1
2,0-10-5,ice11,1,0
2,0-4,ice12,1,1
2,0-4-0,ice13,1,0
2,0-7,stone10,1,1
2,0-7-8,stone14,1,1
2,0-7-8-6,ice6,1,1
2,0-7-8-6-4,ice10,1,1
2,0-7-8-6-4-2,stone2,1,2
2,0-10,stone9,1,1
2,0-10-0,ice11,1,0
2,0-4,ice12,1,1
2,0-4-9,stone15,1,1
2,0-4-9-5,ice6,1,1
2,0-4-9-5-0,ice11,1,0
2,0-10,stone9,1,1
2,0-10-2,ice11,1,1
2,0-10-2-9,wood15,1,1
2,0-10-2-9-1,ice15,1,0
2,0-4,ice12,1,1
2,0-4-3,ice13,1,0
2,0-1,ice12,1,1
2,0-1-1,stone10,1,1
2,0-1-1-10,stone7,1,1
2,0-1-1-10-10,stone8,1,1
2,0-1-1-10-10-2,ice14,1,0
2,0-1,ice12,1,1
2,0-1-3,stone14,1,1
2,0-1-3-6,stone10,1,1
2,0-1-3-6-0,ice14,1,1
2,0-1-3-6-0-2,stone13,1,1
2,0-6,ice7,1,1
2,0-6-6,stone13,1,1
2,0-6-6-8,stone5,1,1
2,0-6-6-8-19,stone12,1,0
2,0-10,stone9,1,1
2,0-10-6,ice6,1,1
2,0-10-6-4,ice10,1,0
2,0-8,stone15,1,1
2,0-8-24,stone8,1,1
2,0-8-24-4,ice11,1,0
2,0-4,ice12,1,1
2,0-4-1,ice13,1,0
2,0-6,ice7,1,1
2,0-6-0,ice10,1,0
2,0-1,ice12,1,1
2,0-1-4,stone14,1,1
2,0-1-4-2,stone8,1,1
2,0-1-4-2-5,stone11,1,1
2,0-1-4-2-5-0,stone11,1,0
2,0-1,ice12,1,0
2,0-4,ice12,1,1
2,0-4-10,stone9,1,1
2,0-4-10-14,ice13,1,1
2,0-4-10-14-5,stone8,1,1
2,0-4-10-14-5-5,stone9,1,2
2,0-7,stone10,1,1
2,0-7-2,ice11,1,1
2,0-7-2-6,stone11,1,1
2,0-7-2-6-0,ice12,1,0
2,0-9,stone15,1,1
2,0-9-21,ice6,1,1
2,0-9-21-10,stone5,1,1
2,0-9-21-10-7,stone12,1,1
2,0-9-21-10-7-5,ice10,1,0
2,0-1,ice12,1,0
2,0-6,ice7,1,1
2,0-6-2,ice10,1,1
2,0-6-2-10,wood14,1,0
2,0-7,stone10,1,1
2,0-7-3,ice11,1,1
2,0-7-3-5,stone14,1,1
2,0-7-3-5-6,stone13,1,1
2,0-7-3-5-6-1,ice11,1,0
2,0-5,ice12,1,0
2,0-4,ice12,1,1
2,0-4-6,stone10,1,1
2,0-4-6-7,stone14,1,0
2,0-8,stone15,1,1
2,0-8-21,ice6,1,1
2,0-8-21-2,ice11,1,0
2,0-6,ice7,1,1
2,0-6-10,stone5,1,1
2,0-6-10-11,stone4,1,1
2,0-6-10-11-4,ice10,1,1
2,0-6-10-11-4-7,stone8,1,2
2,0-8,stone15,1,1
2,0-8-14,ice11,1,1
2,0-8-14-10,stone7,1,1
2,0-8-14-10-1,ice11,1,0
2,0-7,stone10,1,1
2,0-7-3,ice11,1,1
2,0-7-3-5,stone14,1,1
2,0-7-3-5-5,stone13,1,0
2,0-6,ice7,1,1
2,0-6-10,stone5,1,1
2,0-6-10-0,stone5,1,1
2,0-6-10-0-0,ice10,1,1
2,0-6-10-0-0-12,stone7,1,2
2,0-6,ice7,1,1
2,0-6-6,stone13,1,1
2,0-6-6-6,stone2,1,1
2,0-6-6-6-10,wood14,1,1
2,0-6-6-6-10-15,stone5,1,1
2,0-8,stone15,1,0
2,0-7,stone10,1,1
2,0-7-4,ice11,1,1
2,0-7-4-15,wood13,1,1
2,0-7-4-15-0,wood13,1,1
2,0-7-4-15-0-0,wood13,1,2
2,0-7,stone10,1,1
2,0-7-5,ice11,1,1
2,0-7-5-2,stone12,1,0
2,0-7,stone10,1,1
2,0-7-3,ice11,1,1
2,0-7-3-8,wood15,1,1
2,0-7-3-8-3,stone12,1,1
2,0-7-3-8-3-7,ice6,1,2
2,0-2,ice12,1,1
2,0-2-8,ice12,1,0
2,0-10,stone9,1,1
2,0-10-8,stone14,1,1
2,0-10-8-3,stone10,1,1
2,0-10-8-3-13,ice11,1,1
2,0-10-8-3-13-5,stone15,1,0
2,0-5,ice12,1,0
2,0-8,stone15,1,1
2,0-8-23,stone13,1,1
2,0-8-23-5,stone16,1,1
2,0-8-23-5-7,ice7,1,1
2,0-8-23-5-7-6,ice14,1,2
2,0-1,ice12,1,1
2,0-1-3,stone14,1,1
2,0-1-3-8,stone14,1,1
2,0-1-3-8-0,ice15,1,1
2,0-1-3-8-0-3,stone9,1,2
2,0-6,ice7,1,1
2,0-6-3,ice10,1,1
2,0-6-3-8,wood14,1,1
2,0-6-3-8-4,stone14,1,1
2,0-6-3-8-4-0,ice10,1,0
2,0-10,stone9,1,1
2,0-10-7,stone14,1,1
2,0-10-7-17,ice16,1,1
2,0-10-7-17-12,ice11,1,0
2,0-7,stone10,1,1
2,0-7-4,ice11,1,1
2,0-7-4-7,ice12,1,0
2,0-8,stone15,1,1
2,0-8-4,ice11,1,0
2,0-5,ice12,1,0
2,0-10,stone9,1,1
2,0-10-4,ice11,1,1
2,0-10-4-17,stone9,1,1
2,0-10-4-17-0,ice12,1,0
2,0-4,ice12,1,1
2,0-4-5,ice7,1,1
2,0-4-5-3,ice11,1,0
2,0-6,ice7,1,1
2,0-6-6,stone13,1,1
2,0-6-6-3,ice13,1,1
2,0-6-6-3-2,stone2,1,1
2,0-6-6-3-2-4,stone4,1,2
2,0-4,ice12,1,1
2,0-4-8,stone15,1,1
2,0-4-8-6,ice11,1,0
2,0-10,stone9,1,1
2,0-10-2,ice11,1,1
2,0-10-2-8,wood15,1,1
2,0-10-2-8-8,ice15,1,0
2,0-5,ice12,1,1
2,0-5-1,ice7,1,1
2,0-5-1-3,stone12,1,1
2,0-5-1-3-4,stone3,1,1
2,0-5-1-3-4-2,stone15,1,2
2,0-6,ice7,1,1
2,0-6-10,stone5,1,1
2,0-6-10-12,stone5,1,1
2,0-6-10-12-10,stone4,1,1
2,0-6-10-12-10-6,stone13,1,2
2,0-2,ice12,1,1
2,0-2-9,ice12,1,0
2,0-7,stone10,1,1
2,0-7-3,ice11,1,1
2,0-7-3-6,stone7,1,1
2,0-7-3-6-0,stone7,1,1
2,0-7-3-6-0-5,stone13,1,2
2,0-5,ice12,1,0
2,0-10,stone9,1,1
2,0-10-2,ice11,1,1
2,0-10-2-2,ice14,1,0
2,0-6,ice7,1,1
2,0-6-10,stone5,1,1
2,0-6-10-2,ice10,1,1
2,0-6-10-2-3,stone2,1,1
2,0-6-10-2-3-5,stone4,1,1
2,0-6,ice7,1,1
2,0-6-0,ice10,1,0
2,0-4,ice12,1,1
2,0-4-7,stone12,1,1
2,0-4-7-5,ice12,1,0
2,0-5,ice12,1,0
2,0-7,stone10,1,1
2,0-7-8,stone14,1,1
2,0-7-8-5,ice11,1,1
2,0-7-8-5-1,stone12,1,0
2,0-7,stone10,1,1
2,0-7-2,ice11,1,1
2,0-7-2-5,ice6,1,1
2,0-7-2-5-0,ice13,1,0
2,0-10,stone9,1,1
2,0-10-9,stone9,1,1
2,0-10-9-7,stone15,1,1
2,0-10-9-7-30,stone18,1,1
2,0-10-9-7-30-1,ice12,1,2
2,0-5,ice12,1,0
2,0-10,stone9,1,1
2,0-10-7,stone14,1,1
2,0-10-7-12,ice11,1,0
2,0-2,ice12,1,1
2,0-2-14,ice14,1,0
2,0-5,ice12,1,1
2,0-5-7,stone9,1,1
2,0-5-7-3,wood13,1,1
2,0-5-7-3-0,ice6,1,1
2,0-5-7-3-0-0,stone0,1,1
2,0-5,ice12,1,0
2,0-10,stone9,1,1
2,0-10-6,ice6,1,1
2,0-10-6-8,stone13,1,1
2,0-10-6-8-8,wood13,1,1
2,0-10-6-8-8-3,ice12,1,2
2,0-6,ice7,1,1
2,0-6-1,ice10,1,1
2,0-6-1-9,wood14,1,1
2,0-6-1-9-0,wood14,1,1
2,0-6-1-9-0-0,wood14,1,1
2,0-4,ice12,1,1
2,0-4-0,ice13,1,0
2,0-9,stone15,1,1
2,0-9-14,ice11,1,1
2,0-9-14-4,stone13,1,0
2,0-4,ice12,1,1
2,0-4-6,stone10,1,1
2,0-4-6-3,ice12,1,1
2,0-4-6-3-0,ice6,1,1
2,0-4-6-3-0-1,stone0,1,1
2,0-8,stone15,1,1
2,0-8-23,stone13,1,1
2,0-8-23-1,ice13,1,0
2,0-7,stone10,1,1
2,0-7-1,ice11,1,1
2,0-7-1-0,ice12,1,0
2,0-10,stone9,1,1
2,0-10-2,ice11,1,1
2,0-10-2-7,stone9,1,1
2,0-10-2-7-7,stone13,1,1
2,0-10-2-7-7-0,ice17,1,0
2,0-4,ice12,1,1
2,0-4-10,stone9,1,1
2,0-4-10-16,stone15,1,1
2,0-4-10-16-29,wood13,1,1
2,0-4-10-16-29-3,stone12,1,0
2,0-6,ice7,1,1
2,0-6-1,ice10,1,1
2,0-6-1-4,stone10,1,1
2,0-6-1-4-5,stone3,1,1
2,0-6-1-4-5-0,ice14,1,0
2,0-10,stone9,1,1
2,0-10-4,ice11,1,1
2,0-10-4-14,ice6,1,1
2,0-10-4-14-9,stone5,1,1
2,0-10-4-14-9-8,stone13,1,2
2,0-8,stone15,1,1
2,0-8-19,ice16,1,1
2,0-8-19-6,ice12,1,0
2,0-5,ice12,1,1
2,0-5-2,stone10,1,1
2,0-5-2-7,stone9,1,1
2,0-5-2-7-3,stone12,1,0
2,0-6,ice7,1,1
2,0-6-7,stone13,1,1
2,0-6-7-1,ice10,1,0
2,0-2,ice12,1,1
2,0-2-19,stone9,1,1
2,0-2-19-4,ice6,1,1
2,0-2-19-4-6,stone12,1,0
2,0-5,ice12,1,1
2,0-5-3,stone13,1,0
2,0-5,ice12,1,1
2,0-5-1,ice7,1,1
2,0-5-1-5,stone2,1,1
2,0-5-1-5-0,stone2,1,1
2,0-5-1-5-0-2,stone10,1,2
2,0-1,ice12,1,1
2,0-1-3,stone14,1,1
2,0-1-3-4,ice15,1,0
2,0-7,stone10,1,1
2,0-7-4,ice11,1,1
2,0-7-4-11,stone14,1,1
2,0-7-4-11-2,stone7,1,1
2,0-7-4-11-2-0,stone7,1,2
2,0-6,ice7,1,1
2,0-6-8,stone2,1,1
2,0-6-8-4,ice11,1,1
2,0-6-8-4-4,ice10,1,0
2,0-9,stone15,1,1
2,0-9-4,ice11,1,1
2,0-9-4-2,stone11,1,1
2,0-9-4-2-1,stone10,1,1
2,0-9-4-2-1-4,stone7,1,2
2,0-7,stone10,1,1
2,0-7-5,ice11,1,1
2,0-7-5-4,stone13,1,1
2,0-7-5-4-6,stone13,1,0
2,0-8,stone15,1,1
2,0-8-15,ice11,1,0
2,0-7,stone10,1,1
2,0-7-8,stone14,1,1
2,0-7-8-9,stone7,1,1
2,0-7-8-9-2,ice11,1,1
2,0-7-8-9-2-1,stone10,1,1
2,0-5,ice12,1,1
2,0-5-6,stone15,1,1
2,0-5-6-7,ice16,1,0
2,0-6,ice7,1,1
2,0-6-0,ice10,1,0
2,0-9,stone15,1,1
2,0-9-3,ice11,1,1
2,0-9-3-9,ice14,1,1
2,0-9-3-9-5,stone9,1,1
2,0-9-3-9-5-2,stone12,1,2
2,0-2,ice12,1,1
2,0-2-19,stone9,1,1
2,0-2-19-1,ice14,1,0
2,0-10,stone9,1,1
2,0-10-7,stone14,1,1
2,0-10-7-16,ice16,1,1
2,0-10-7-16-10,ice11,1,0
2,0-8,stone15,1,1
2,0-8-16,ice11,1,0
2,0-4,ice12,1,1
2,0-4-0,ice13,1,0
2,0-5,ice12,1,0
2,0-6,ice7,1,1
2,0-6-0,ice10,1,0
2,0-6,ice7,1,1
2,0-6-1,ice10,1,1
2,0-6-1-4,stone10,1,1
2,0-6-1-4-8,wood15,1,0
2,0-10,stone9,1,1
2,0-10-8,stone14,1,1
2,0-10-8-3,stone10,1,1
2,0-10-8-3-5,ice11,1,0
2,0-4,ice12,1,1
2,0-4-8,stone15,1,1
2,0-4-8-1,ice11,1,0
2,0-7,stone10,1,1
2,0-7-2,ice11,1,1
2,0-7-2-0,ice12,1,0
2,0-2,ice12,1,1
2,0-2-7,ice12,1,0
2,0-5,ice12,1,0
2,0-1,ice12,1,1
2,0-1-0,ice7,1,1
2,0-1-0-2,ice13,1,1
2,0-1-0-2-0,ice13,1,1
2,0-1-0-2-0-0,ice13,1,2
2,0-9,stone15,1,1
2,0-9-17,ice16,1,1
2,0-9-17-12,ice11,1,1
2,0-9-17-12-1,ice12,1,0
2,0-2,ice12,1,1
2,0-2-1,ice12,1,0
2,0-5,ice12,1,1
2,0-5-1,ice7,1,1
2,0-5-1-0,ice10,1,0
2,0-10,stone9,1,1
2,0-10-1,ice11,1,1
2,0-10-1-1,ice14,1,0
2,0-5,ice12,1,0
2,0-6,ice7,1,1
2,0-6-4,ice10,1,1
2,0-6-4-6,stone2,1,1
2,0-6-4-6-6,stone12,1,1
2,0-6-4-6-6-4,stone4,1,2
2,0-4,ice12,1,1
2,0-4-0,ice13,1,0
2,0-1,ice12,1,1
2,0-1-2,stone12,1,0
2,0-7,stone10,1,1
2,0-7-2,ice11,1,0
2,0-5,ice12,1,0
2,0-4,ice12,1,1
2,0-4-5,ice7,1,1
2,0-4-5-2,ice11,1,0
2,0-8,stone15,1,1
2,0-8-20,ice16,1,1
2,0-8-20-0,ice11,1,0
2,0-5,ice12,1,1
2,0-5-0,ice12,1,0
2,0-7,stone10,1,1
2,0-7-2,ice11,1,1
2,0-7-2-5,ice6,1,1
2,0-7-2-5-6,stone12,1,1
2,0-7-2-5-6-2,stone0,1,1
2,0-4,ice12,1,1
2,0-4-0,ice13,1,0
2,0-8,stone15,1,1
2,0-8-22,stone13,1,1
2,0-8-22-1,ice14,1,1
2,0-8-22-1-4,stone8,1,1
2,0-8-22-1-4-2,stone11,1,0
2,0-8,stone15,1,1
2,0-8-6,ice11,1,0
2,0-1,ice12,1,1
2,0-1-4,stone14,1,1
2,0-1-4-1,stone11,1,0
2,0-5,ice12,1,0
2,0-8,stone15,1,1
2,0-8-19,ice16,1,1
2,0-8-19-8,stone14,1,1
2,0-8-19-8-22,stone7,1,1
2,0-8-19-8-22-20,stone14,1,2
2,0-6,ice7,1,1
2,0-6-6,stone13,1,1
2,0-6-6-3,ice13,1,0
2,0-2,ice12,1,1
2,0-2-11,ice12,1,0
2,0-6,ice7,1,1
2,0-6-7,stone13,1,1
2,0-6-7-0,stone13,1,1
2,0-6-7-0-9,stone2,1,1
2,0-6-7-0-9-2,ice10,1,2
2,0-4,ice12,1,1
2,0-4-3,ice13,1,1
2,0-4-3-2,stone13,1,1
2,0-4-3-2-5,stone14,1,0
2,0-6,ice7,1,1
2,0-6-7,stone13,1,1
2,0-6-7-8,stone2,1,1
2,0-6-7-8-2,ice10,1,0
2,0-8,stone15,1,1
2,0-8-10,ice11,1,0
2,0-8,stone15,1,1
2,0-8-19,ice16,1,1
2,0-8-19-1,ice11,1,0
2,0-6,ice7,1,1
2,0-6-2,ice10,1,1
2,0-6-2-3,ice13,1,0
2,0-7,stone10,1,1
2,0-7-7,stone14,1,1
2,0-7-7-28,ice12,1,1
2,0-7-7-28-1,stone11,1,0
2,0-4,ice12,1,1
2,0-4-0,ice13,1,0
2,0-2,ice12,1,1
2,0-2-3,ice12,1,0
2,0-10,stone9,1,1
2,0-10-8,stone14,1,1
2,0-10-8-1,ice13,1,0
2,0-6,ice7,1,1
2,0-6-2,ice10,1,1
2,0-6-2-9,wood14,1,1
2,0-6-2-9-8,ice14,1,0
2,0-9,stone15,1,1
2,0-9-14,ice11,1,1
2,0-9-14-1,ice7,1,1
2,0-9-14-1-17,wood12,1,0
2,0-6,ice7,1,1
2,0-6-3,ice10,1,1
2,0-6-3-7,stone5,1,1
2,0-6-3-7-6,stone2,1,1
2,0-6-3-7-6-8,stone4,1,1
2,0-6,ice7,1,1
2,0-6-10,stone5,1,1
2,0-6-10-7,ice11,1,1
2,0-6-10-7-14,ice11,1,0
2,0-4,ice12,1,1
2,0-4-0,ice13,1,0
2,0-10,stone9,1,1
2,0-10-6,ice6,1,1
2,0-10-6-3,ice10,1,0
2,0-9,stone15,1,1
2,0-9-21,ice6,1,1
2,0-9-21-9,stone3,1,1
2,0-9-21-9-4,stone15,1,1
2,0-9-21-9-4-7,stone4,1,2
2,0-10,stone9,1,1
2,0-10-9,stone9,1,1
2,0-10-9-6,ice6,1,1
2,0-10-9-6-8,stone0,1,1
2,0-10-9-6-8-0,stone0,1,1
2,0-7,stone10,1,1
2,0-7-2,ice11,1,0
2,0-10,stone9,1,1
2,0-10-9,stone9,1,1
2,0-10-9-4,ice12,1,1
2,0-10-9-4-8,wood15,1,1
2,0-10-9-4-8-3,ice15,1,0
2,0-6,ice7,1,1
2,0-6-3,ice10,1,1
2,0-6-3-1,stone11,1,0
2,0-5,ice12,1,1
2,0-5-8,wood16,1,1
2,0-5-8-6,stone16,1,1
2,0-5-8-6-8,stone9,1,1
2,0-5-8-6-8-5,stone14,1,0
2,0-9,stone15,1,1
2,0-9-20,ice16,1,1
2,0-9-20-0,ice16,1,1
2,0-9-20-0-24,stone10,1,1
2,0-9-20-0-24-6,ice12,1,0
2,0-4,ice12,1,1
2,0-4-8,stone15,1,1
2,0-4-8-4,ice11,1,0
2,0-9,stone15,1,1
2,0-9-24,stone8,1,1
2,0-9-24-0,stone8,1,1
2,0-9-24-0-5,ice7,1,1
2,0-9-24-0-5-0,ice10,1,0
2,0-2,ice12,1,1
2,0-2-2,ice12,1,0
2,0-7,stone10,1,1
2,0-7-7,stone14,1,1
2,0-7-7-20,ice11,1,0
2,0-5,ice12,1,0
2,0-6,ice7,1,1
2,0-6-3,ice10,1,0
2,0-9,stone15,1,1
2,0-9-15,ice11,1,1
2,0-9-15-0,ice6,1,1
2,0-9-15-0-0,stone10,1,0
2,0-8,stone15,1,0
2,0-6,ice7,1,1
2,0-6-8,stone2,1,1
2,0-6-8-6,stone14,1,1
2,0-6-8-6-11,ice11,1,0
2,0-8,stone15,1,1
2,0-8-1,ice11,1,0
2,0-5,ice12,1,0
2,0-6,ice7,1,1
2,0-6-6,stone13,1,1
2,0-6-6-5,stone12,1,1
2,0-6-6-5-1,ice10,1,1
2,0-6-6-5-1-0,stone12,1,2
2,0-5,ice12,1,1
2,0-5-5,stone14,1,0
2,0-10,stone9,1,1
2,0-10-9,stone9,1,1
2,0-10-9-0,ice12,1,0
2,0-9,stone15,1,1
2,0-9-6,ice11,1,0
2,0-8,stone15,1,1
2,0-8-18,ice16,1,1
2,0-8-18-25,ice11,1,0
2,0-9,stone15,1,1
2,0-9-18,ice16,1,1
2,0-9-18-3,ice12,1,0
2,0-4,ice12,1,1
2,0-4-5,ice7,1,1
2,0-4-5-9,stone3,1,1
2,0-4-5-9-6,stone10,1,1
2,0-4-5-9-6-4,ice11,1,0
2,0-8,stone15,1,1
2,0-8-18,ice16,1,0
2,0-1,ice12,1,1
2,0-1-0,ice7,1,1
2,0-1-0-3,ice13,1,0
2,0-4,ice12,1,1
2,0-4-7,stone12,1,1
2,0-4-7-6,ice7,1,1
2,0-4-7-6-1,ice11,1,0
2,0-10,stone9,1,1
2,0-10-6,ice6,1,1
2,0-10-6-8,stone13,1,0
2,0-5,ice12,1,1
2,0-5-4,stone14,1,1
2,0-5-4-2,ice13,1,0
2,0-1,ice12,1,1
2,0-1-2,stone12,1,0
2,0-9,stone15,1,1
2,0-9-10,ice11,1,1
2,0-9-10-2,stone12,1,1
2,0-9-10-2-1,stone12,1,0
2,0-5,ice12,1,0
2,0-7,stone10,1,1
2,0-7-8,stone14,1,1
2,0-7-8-8,stone13,1,0
2,0-10,stone9,1,1
2,0-10-6,ice6,1,1
2,0-10-6-6,stone0,1,1
2,0-10-6-6-0,stone0,1,1
2,0-10-6-6-0-2,ice12,1,2
2,0-2,ice12,1,1
2,0-2-6,ice12,1,1
2,0-2-6-3,stone9,1,1
2,0-2-6-3-2,stone9,1,1
2,0-2-6-3-2-2,stone12,1,1
2,0-8,stone15,1,1
2,0-8-14,ice11,1,1
2,0-8-14-2,ice6,1,1
2,0-8-14-2-11,stone13,1,1
2,0-8-14-2-11-22,stone5,1,1
2,0-6,ice7,1,1
2,0-6-10,stone5,1,1
2,0-6-10-8,stone13,1,1
2,0-6-10-8-13,ice11,1,0
2,0-10,stone9,1,1
2,0-10-4,ice11,1,1
2,0-10-4-6,ice11,1,1
2,0-10-4-6-1,ice12,1,0
2,0-5,ice12,1,0
2,0-9,stone15,1,1
2,0-9-7,ice11,1,0
2,0-4,ice12,1,1
2,0-4-8,stone15,1,0
2,0-10,stone9,1,1
2,0-10-1,ice11,1,1
2,0-10-1-8,wood15,1,1
2,0-10-1-8-9,stone7,1,1
2,0-10-1-8-9-16,wood13,1,2
2,0-4,ice12,1,1
2,0-4-7,stone12,1,0
2,0-9,stone15,1,1
2,0-9-24,stone8,1,1
2,0-9-24-1,ice12,1,1
2,0-9-24-1-3,stone16,1,0
2,0-2,ice12,1,1
2,0-2-4,ice12,1,0
2,0-5,ice12,1,1
2,0-5-6,stone15,1,1
2,0-5-6-0,ice15,1,0
2,0-2,ice12,1,1
2,0-2-18,stone16,1,0
2,0-7,stone10,1,1
2,0-7-9,stone7,1,1
2,0-7-9-9,stone14,1,1
2,0-7-9-9-10,ice11,1,0
2,0-2,ice12,1,1
2,0-2-19,stone9,1,1
2,0-2-19-3,ice14,1,1
2,0-2-19-3-5,ice6,1,1
2,0-2-19-3-5-5,stone11,1,0
2,0-1,ice12,1,0
2,0-9,stone15,1,1
2,0-9-19,ice16,1,1
2,0-9-19-9,stone9,1,1
2,0-9-19-9-1,ice11,1,0
2,0-2,ice12,1,1
2,0-2-0,ice12,1,0
2,0-5,ice12,1,1
2,0-5-7,stone9,1,1
2,0-5-7-3,wood13,1,1
2,0-5-7-3-0,ice6,1,1
2,0-5-7-3-0-2,stone5,1,2
2,0-6,ice7,1,1
2,0-6-3,ice10,1,0
2,0-6,ice7,1,1
2,0-6-6,stone13,1,1
2,0-6-6-9,wood14,1,0
2,0-5,ice12,1,0
2,0-7,stone10,1,1
2,0-7-1,ice11,1,0
2,0-1,ice12,1,0
2,0-5,ice12,1,0
2,0-7,stone10,1,1
2,0-7-5,ice11,1,0
2,0-1,ice12,1,1
2,0-1-3,stone14,1,1
2,0-1-3-7,stone12,1,1
2,0-1-3-7-2,ice15,1,0
2,0-10,stone9,1,1
2,0-10-7,stone14,1,1
2,0-10-7-22,stone13,1,1
2,0-10-7-22-2,ice11,1,0
2,0-10,stone9,1,1
2,0-10-9,stone9,1,1
2,0-10-9-2,ice12,1,1
2,0-10-9-2-1,ice11,1,1
2,0-10-9-2-1-2,ice13,1,2
2,0-6,ice7,1,1
2,0-6-1,ice10,1,1
2,0-6-1-8,stone5,1,1
2,0-6-1-8-7,ice10,1,0
2,0-9,stone15,1,1
2,0-9-23,stone13,1,1
2,0-9-23-3,stone10,1,1
2,0-9-23-3-4,stone15,1,1
2,0-9-23-3-4-0,ice13,1,0
2,0-10,stone9,1,1
2,0-10-9,stone9,1,1
2,0-10-9-4,ice12,1,1
2,0-10-9-4-2,ice14,1,0
2,0-1,ice12,1,1
2,0-1-1,stone10,1,1
2,0-1-1-2,ice12,1,1
2,0-1-1-2-1,stone12,1,1
2,0-1-1-2-1-0,stone12,1,1
2,0-7,stone10,1,1
2,0-7-9,stone7,1,1
2,0-7-9-3,ice11,1,1
2,0-7-9-3-8,wood15,1,1
2,0-7-9-3-8-1,ice14,1,0
2,0-10,stone9,1,1
2,0-10-1,ice11,1,0
2,0-6,ice7,1,1
2,0-6-2,ice10,1,1
2,0-6-2-6,stone2,1,1
2,0-6-2-6-8,ice11,1,0
2,0-2,ice12,1,1
2,0-2-6,ice12,1,0
2,0-8,stone15,1,1
2,0-8-24,stone8,1,1
2,0-8-24-22,stone13,1,1
2,0-8-24-22-12,ice12,1,1
2,0-8-24-22-12-1,ice11,1,0
2,0-2,ice12,1,1
2,0-2-15,ice7,1,1
2,0-2-15-3,ice13,1,0
2,0-1,ice12,1,1
2,0-1-4,stone14,1,1
2,0-1-4-0,ice7,1,1
2,0-1-4-0-0,stone0,1,1
2,0-1-4-0-0-0,stone0,1,2
2,0-6,ice7,1,1
2,0-6-6,stone13,1,1
2,0-6-6-8,stone5,1,1
2,0-6-6-8-0,ice10,1,0
2,0-7,stone10,1,1
2,0-7-2,ice11,1,1
2,0-7-2-5,ice6,1,1
2,0-7-2-5-8,wood14,1,0
2,0-9,stone15,1,1
2,0-9-5,ice11,1,0
2,0-8,stone15,1,1
2,0-8-18,ice16,1,1
2,0-8-18-11,ice11,1,0
2,0-7,stone10,1,1
2,0-7-1,ice11,1,1
2,0-7-1-7,stone14,1,1
2,0-7-1-7-7,stone8,1,1
2,0-7-1-7-7-5,ice12,1,0
2,0-5,ice12,1,0
2,0-4,ice12,1,1
2,0-4-9,stone15,1,1
2,0-4-9-3,ice12,1,1
2,0-4-9-3-4,stone16,1,1
2,0-4-9-3-4-5,stone7,1,2
2,0-2,ice12,1,1
2,0-2-16,stone10,1,1
2,0-2-16-5,stone11,1,1
2,0-2-16-5-5,stone10,1,1
2,0-2-16-5-5-3,ice14,1,0
2,0-7,stone10,1,1
2,0-7-9,stone7,1,1
2,0-7-9-4,ice11,1,1
2,0-7-9-4-5,stone13,1,1
2,0-7-9-4-5-7,stone14,1,1
2,0-10,stone9,1,1
2,0-10-1,ice11,1,1
2,0-10-1-9,wood15,1,1
2,0-10-1-9-1,ice14,1,1
2,0-10-1-9-1-1,stone11,1,0
2,0-10,stone9,1,1
2,0-10-9,stone9,1,1
2,0-10-9-5,ice12,1,0
2,0-9,stone15,1,1
2,0-9-18,ice16,1,1
2,0-9-18-7,stone14,1,1
2,0-9-18-7-6,ice12,1,1
2,0-9-18-7-6-0,ice0,1,2
2,0-4,ice12,1,1
2,0-4-6,stone10,1,1
2,0-4-6-2,ice12,1,0
2,0-10,stone9,1,1
2,0-10-8,stone14,1,1
2,0-10-8-5,stone15,1,1
2,0-10-8-5-4,stone15,1,1
2,0-10-8-5-4-4,stone15,1,2
2,0-4,ice12,1,1
2,0-4-6,stone10,1,1
2,0-4-6-3,ice12,1,0
2,0-9,stone15,1,1
2,0-9-8,ice11,1,1
2,0-9-8-22,ice11,1,0
2,0-4,ice12,1,1
2,0-4-10,stone9,1,1
2,0-4-10-19,stone9,1,1
2,0-4-10-19-9,stone8,1,1
2,0-4-10-19-9-6,ice7,1,2
2,0-6,ice7,1,1
2,0-6-4,ice10,1,1
2,0-6-4-7,stone3,1,1
2,0-6-4-7-2,ice13,1,0
2,0-1,ice12,1,1
2,0-1-1,stone10,1,1
2,0-1-1-4,ice12,1,0
2,0-9,stone15,1,1
2,0-9-15,ice11,1,0
2,0-5,ice12,1,0
2,0-4,ice12,1,0
2,0-8,stone15,1,1
2,0-8-0,stone15,1,0
2,0-9,stone15,1,1
2,0-9-14,ice11,1,0
2,0-9,stone15,1,0
2,0-5,ice12,1,0
2,0-1,ice12,1,1
2,0-1-6,wood13,1,1
2,0-1-6-6,ice7,1,1
2,0-1-6-6-3,ice10,1,0
2,0-10,stone9,1,1
2,0-10-1,ice11,1,1
2,0-10-1-5,stone11,1,1
2,0-10-1-5-4,stone13,1,0
2,0-1,ice12,1,1
2,0-1-2,stone12,1,0
2,0-1,ice12,1,1
2,0-1-3,stone14,1,1
2,0-1-3-5,ice7,1,1
2,0-1-3-5-0,ice13,1,0
2,0-5,ice12,1,0
2,0-1,ice12,1,1
2,0-1-0,ice7,1,1
2,0-1-0-9,wood14,1,0
2,0-10,stone9,1,1
2,0-10-2,ice11,1,1
2,0-10-2-7,stone9,1,1
2,0-10-2-7-7,stone13,1,1
2,0-10-2-7-7-1,ice18,1,2
2,0-6,ice7,1,1
2,0-6-3,ice10,1,1
2,0-6-3-4,stone13,1,1
2,0-6-3-4-2,stone14,1,0
2,0-1,ice12,1,0
2,0-5,ice12,1,0
2,0-10,stone9,1,1
2,0-10-7,stone14,1,0
2,0-1,ice12,1,0
2,0-8,stone15,1,1
2,0-8-22,stone13,1,0
2,0-9,stone15,1,1
2,0-9-15,ice11,1,0
2,0-9,stone15,1,1
2,0-9-21,ice6,1,1
2,0-9-21-8,stone2,1,1
2,0-9-21-8-4,ice11,1,1
2,0-9-21-8-4-2,ice11,1,0
2,0-8,stone15,1,1
2,0-8-7,ice11,1,0
2,0-7,stone10,1,1
2,0-7-8,stone14,1,1
2,0-7-8-1,ice11,1,1
2,0-7-8-1-7,stone15,1,1
2,0-7-8-1-7-0,ice11,1,0
2,0-6,ice7,1,1
2,0-6-4,ice10,1,1
2,0-6-4-6,stone2,1,1
2,0-6-4-6-6,stone12,1,0
2,0-5,ice12,1,0
2,0-8,stone15,1,0
2,0-4,ice12,1,1
2,0-4-0,ice13,1,1
2,0-4-0-2,stone12,1,1
2,0-4-0-2-9,ice13,1,0
2,0-4,ice12,1,1
2,0-4-5,ice7,1,1
2,0-4-5-4,ice11,1,0
2,0-1,ice12,1,1
2,0-1-2,stone12,1,0
2,0-5,ice12,1,0
2,0-2,ice12,1,0
2,0-2,ice12,1,1
2,0-2-19,stone9,1,1
2,0-2-19-0,ice14,1,1
2,0-2-19-0-4,stone9,1,1
2,0-2-19-0-4-0,stone9,1,2
2,0-2,ice12,1,1
2,0-2-16,stone10,1,1
2,0-2-16-4,ice6,1,1
2,0-2-16-4-0,ice13,1,0
2,0-6,ice7,1,1
2,0-6-1,ice10,1,1
2,0-6-1-0,ice13,1,1
2,0-6-1-0-5,stone5,1,1
2,0-6-1-0-5-6,wood12,1,2
2,0-5,ice12,1,0
2,0-5,ice12,1,1
2,0-5-7,stone9,1,1
2,0-5-7-1,stone11,1,0
2,0-9,stone15,1,1
2,0-9-3,ice11,1,1
2,0-9-3-10,ice14,1,1
2,0-9-3-10-5,stone7,1,1
2,0-9-3-10-5-0,stone7,1,2
2,0-9,stone15,1,1
2,0-9-1,ice11,1,1
2,0-9-1-17,stone13,1,1
2,0-9-1-17-10,ice15,1,0
2,0-6,ice7,1,1
2,0-6-2,ice10,1,1
2,0-6-2-9,wood14,1,0
2,0-7,stone10,1,1
2,0-7-1,ice11,1,1
2,0-7-1-8,stone14,1,0
2,0-2,ice12,1,1
2,0-2-19,stone9,1,1
2,0-2-19-7,stone8,1,1
2,0-2-19-7-0,stone8,1,1
2,0-2-19-7-0-8,stone8,1,2
2,0-10,stone9,1,1
2,0-10-9,stone9,1,1
2,0-10-9-10,stone9,1,1
2,0-10-9-10-5,ice11,1,1
2,0-10-9-10-5-4,stone13,1,2
2,0-5,ice12,1,0
2,0-8,stone15,1,1
2,0-8-11,ice11,1,1
2,0-8-11-5,ice6,1,1
2,0-8-11-5-9,stone2,1,1
2,0-8-11-5-9-0,ice12,1,2
2,0-2,ice12,1,1
2,0-2-15,ice7,1,1
2,0-2-15-5,stone12,1,0
2,0-10,stone9,1,1
2,0-10-9,stone9,1,1
2,0-10-9-2,ice12,1,1
2,0-10-9-2-6,ice11,1,1
2,0-10-9-2-6-7,stone8,1,2
2,0-5,ice12,1,1
2,0-5-6,stone15,1,0
2,0-6,ice7,1,1
2,0-10,stone9,1,1
2,0-10-0,ice11,1,0
2,0-5,ice12,1,1
2,0-5-1,ice7,1,1
2,0-5-1-0,ice10,1,0
2,0-5,ice12,1,0
2,0-6,ice7,1,1
2,0-6-10,stone5,1,1
2,0-6-10-10,stone3,1,1
2,0-6-10-10-12,stone7,1,1
2,0-6-10-10-12-2,ice10,1,0
2,0-10,stone9,1,1
2,0-10-1,ice11,1,1
2,0-10-1-0,ice6,1,1
2,0-10-1-0-2,stone12,1,1
2,0-10-1-0-2-5,wood11,1,2
2,0-1,ice12,1,1
2,0-1-16,ice16,1,1
2,0-1-16-25,stone13,1,1
2,0-1-16-25-6,stone10,1,1
2,0-1-16-25-6-5,ice6,1,2
2,0-4,ice12,1,1
2,0-4-1,ice12,1,0
2,0-1,ice12,1,1
2,0-1-20,ice16,1,1
2,0-1-20-6,stone9,1,1
2,0-1-20-6-1,stone12,1,1
2,0-1-20-6-1-0,ice6,1,2
2,0-3,ice12,1,0
2,0-8,stone15,1,1
2,0-8-3,ice12,1,0
2,0-7,stone10,1,1
2,0-7-7,stone14,1,1
2,0-7-7-28,ice12,1,1
2,0-7-7-28-20,stone15,1,1
2,0-7-7-28-20-22,stone17,1,0
2,0-9,stone15,1,1
2,0-9-0,ice13,1,0
2,0-2,ice12,1,1
2,0-2-7,stone14,1,1
2,0-2-7-1,ice17,1,0
2,0-4,ice12,1,1
2,0-4-7,ice7,1,1
2,0-4-7-10,ice10,1,1
2,0-4-7-10-14,ice12,1,0
2,0-5,ice12,1,0
2,0-10,stone9,1,1
2,0-10-6,ice6,1,1
2,0-10-6-5,ice10,1,0
2,0-7,stone10,1,1
2,0-7-4,ice11,1,1
2,0-7-4-9,ice12,1,0
2,0-6,ice7,1,1
2,0-6-3,ice10,1,1
2,0-6-3-1,stone11,1,0
2,0-6,ice7,1,1
2,0-6-6,stone13,1,1
2,0-6-6-18,wood12,1,0
2,0-9,stone15,1,1
2,0-9-4,stone11,1,1
2,0-9-4-8,stone15,1,1
2,0-9-4-8-12,stone9,1,1
2,0-9-4-8-12-5,ice11,1,2
2,0-2,ice12,1,1
2,0-2-6,stone12,1,1
2,0-2-6-2,ice7,1,1
2,0-2-6-2-2,stone10,1,0
2,0-2,ice12,1,1
2,0-2-6,stone12,1,1
2,0-2-6-7,wood17,1,0
2,0-9,stone15,1,1
2,0-9-9,wood15,1,1
2,0-9-9-4,ice12,1,0
2,0-7,stone10,1,1
2,0-7-8,stone14,1,1
2,0-7-8-3,ice11,1,0
2,0-7,stone10,1,1
2,0-7-9,stone7,1,1
2,0-7-9-10,stone14,1,1
2,0-7-9-10-1,ice11,1,1
2,0-7-9-10-1-4,stone13,1,0
2,0-9,stone15,1,1
2,0-9-9,wood15,1,1
2,0-9-9-1,ice12,1,1
2,0-9-9-1-10,ice12,1,0
2,0-5,ice12,1,0
2,0-6,ice7,1,1
2,0-6-4,ice10,1,1
2,0-6-4-8,stone2,1,1
2,0-6-4-8-4,ice11,1,0
2,0-8,stone15,1,1
2,0-8-5,ice12,1,0
2,0-5,ice12,1,0
2,0-8,stone15,1,1
2,0-8-8,stone14,1,1
2,0-8-8-2,ice11,1,1
2,0-8-8-2-0,ice6,1,1
2,0-8-8-2-0-1,stone1,1,2
2,0-9,stone15,1,1
2,0-9-4,stone11,1,1
2,0-9-4-6,ice7,1,1
2,0-9-4-6-3,ice10,1,0
2,0-8,stone15,1,1
2,0-8-9,stone6,1,1
2,0-8-9-22,ice6,1,1
2,0-8-9-22-26,stone4,1,1
2,0-8-9-22-26-20,ice12,1,0
2,0-4,ice12,1,1
2,0-4-6,ice12,1,0
2,0-2,ice12,1,0
2,0-6,ice7,1,1
2,0-6-5,ice10,1,0
2,0-7,stone10,1,1
2,0-7-2,ice11,1,1
2,0-7-2-2,ice14,1,1
2,0-7-2-2-0,ice14,1,1
2,0-7-2-2-0-0,ice14,1,1
2,0-10,stone9,1,1
2,0-10-7,stone14,1,1
2,0-10-7-11,ice11,1,0
2,0-5,ice12,1,1
2,0-5-3,stone13,1,0
2,0-5,ice12,1,0
2,0-5,ice12,1,0
2,0-10,stone9,1,1
2,0-10-5,ice11,1,0
2,0-10,stone9,1,1
2,0-10-6,ice6,1,1
2,0-10-6-1,ice10,1,1
2,0-10-6-1-3,stone13,1,0
2,0-2,ice12,1,1
2,0-2-2,ice15,1,1
2,0-2-2-0,ice15,1,1
2,0-2-2-0-0,ice15,1,1
2,0-2-2-0-0-0,ice15,1,1
2,0-7,stone10,1,1
2,0-7-4,ice11,1,1
2,0-7-4-8,ice12,1,0
2,0-1,ice12,1,1
2,0-1-23,stone12,1,1
2,0-1-23-7,stone12,1,1
2,0-1-23-7-1,ice16,1,0
2,0-7,stone10,1,1
2,0-7-3,ice11,1,1
2,0-7-3-1,ice6,1,1
2,0-7-3-1-5,stone13,1,1
2,0-7-3-1-5-8,stone14,1,2
2,0-7,stone10,1,1
2,0-7-1,ice11,1,1
2,0-7-1-5,stone11,1,1
2,0-7-1-5-1,ice15,1,0
2,0-1,ice12,1,1
2,0-1-25,stone9,1,1
2,0-1-25-4,ice6,1,1
2,0-1-25-4-10,wood14,1,0
2,0-10,stone9,1,1
2,0-10-3,ice11,1,1
2,0-10-3-1,ice6,1,1
2,0-10-3-1-0,ice10,1,0
2,0-5,ice12,1,0
2,0-1,ice12,1,1
2,0-1-21,ice7,1,1
2,0-1-21-0,ice13,1,0
2,0-2,ice12,1,1
2,0-2-8,stone9,1,1
2,0-2-8-2,ice14,1,1
2,0-2-8-2-0,ice14,1,1
2,0-2-8-2-0-0,ice14,1,1
2,0-9,stone15,1,1
2,0-9-6,stone16,1,1
2,0-9-6-0,ice13,1,0
2,0-7,stone10,1,1
2,0-7-3,ice11,1,1
2,0-7-3-1,ice6,1,1
2,0-7-3-1-6,stone2,1,1
2,0-7-3-1-6-5,stone12,1,2
2,0-7,stone10,1,1
2,0-7-6,ice6,1,1
2,0-7-6-10,stone2,1,1
2,0-7-6-10-0,stone2,1,1
2,0-7-6-10-0-8,stone3,1,2
2,0-10,stone9,1,1
2,0-10-7,stone14,1,1
2,0-10-7-1,ice11,1,0
2,0-0,ice12,1,0
2,0-6,ice7,1,1
2,0-6-1,ice10,1,1
2,0-6-1-1,ice13,1,0
2,0-1,ice12,1,1
2,0-1-8,ice16,1,0
2,0-9,stone15,1,1
2,0-9-8,wood15,1,1
2,0-9-8-4,stone11,1,1
2,0-9-8-4-6,stone15,1,1
2,0-9-8-4-6-17,stone14,1,0
2,0-5,ice12,1,1
2,0-5-2,stone10,1,1
2,0-5-2-4,stone13,1,1
2,0-5-2-4-1,stone12,1,0
2,0-10,stone9,1,1
2,0-10-8,stone14,1,1
2,0-10-8-3,ice11,1,0
2,0-8,stone15,1,1
2,0-8-9,stone6,1,1
2,0-8-9-13,ice11,1,0
2,0-4,ice12,1,1
2,0-4-11,stone9,1,1
2,0-4-11-11,ice11,1,0
2,0-4,ice12,1,1
2,0-4-5,ice12,1,0
2,0-6,ice7,1,1
2,0-6-0,ice10,1,0
2,0-6,ice7,1,1
2,0-6-7,stone13,1,1
2,0-6-7-2,ice10,1,1
2,0-6-7-2-10,ice14,1,1
2,0-6-7-2-10-0,stone10,1,2
2,0-10,stone9,1,1
2,0-10-1,ice11,1,1
2,0-10-1-2,stone13,1,1
2,0-10-1-2-3,ice14,1,0
2,0-9,stone15,1,1
2,0-9-10,wood15,1,0
2,0-8,stone15,1,1
2,0-8-0,ice11,1,0
2,0-7,stone10,1,1
2,0-7-7,stone14,1,1
2,0-7-7-15,ice11,1,0
2,0-2,ice12,1,1
2,0-2-7,stone14,1,1
2,0-2-7-0,ice16,1,0
2,0-6,ice7,1,1
2,0-6-4,ice10,1,1
2,0-6-4-6,stone13,1,0
2,0-9,stone15,1,1
2,0-9-3,stone10,1,1
2,0-9-3-6,stone13,1,1
2,0-9-3-6-5,wood14,1,0
2,0-2,ice12,1,1
2,0-2-10,wood16,1,1
2,0-2-10-8,ice17,1,0
2,0-10,stone9,1,1
2,0-10-8,stone14,1,1
2,0-10-8-7,stone13,1,1
2,0-10-8-7-14,ice12,1,1
2,0-10-8-7-14-4,ice12,1,2
2,0-9,stone15,1,1
2,0-9-12,wood15,1,0
2,0-10,stone9,1,1
2,0-10-6,ice6,1,1
2,0-10-6-1,ice10,1,1
2,0-10-6-1-2,stone11,1,0
2,0-7,stone10,1,1
2,0-7-8,stone14,1,1
2,0-7-8-8,stone13,1,1
2,0-7-8-8-4,stone7,1,1
2,0-7-8-8-4-5,stone8,1,2
2,0-9,stone15,1,1
2,0-9-4,stone11,1,1
2,0-9-4-1,ice12,1,0
2,0-7,stone10,1,1
2,0-7-6,ice6,1,1
2,0-7-6-2,ice11,1,1
2,0-7-6-2-5,wood11,1,1
2,0-7-6-2-5-3,stone12,1,2
2,0-2,ice12,1,1
2,0-2-9,wood16,1,0
2,0-2,ice12,1,1
2,0-2-7,stone14,1,1
2,0-2-7-3,stone11,1,0
2,0-2,ice12,1,1
2,0-2-0,ice15,1,0
2,0-7,stone10,1,1
2,0-7-8,stone14,1,1
2,0-7-8-8,stone13,1,1
2,0-7-8-8-0,ice11,1,0
2,0-9,stone15,1,1
2,0-9-1,ice14,1,0
2,0-10,stone9,1,1
2,0-10-7,stone14,1,1
2,0-10-7-8,ice11,1,0
2,0-9,stone15,1,1
2,0-9-2,ice7,1,1
2,0-9-2-4,ice11,1,1
2,0-9-2-4-2,stone12,1,0
2,0-2,ice12,1,1
2,0-2-5,stone10,1,1
2,0-2-5-3,ice14,1,0
2,0-8,stone15,1,1
2,0-8-8,stone14,1,1
2,0-8-8-14,ice11,1,1
2,0-8-8-14-5,ice11,1,1
2,0-8-8-14-5-0,ice6,1,2
2,0-7,stone10,1,1
2,0-7-8,stone14,1,1
2,0-7-8-5,ice11,1,0
2,0-4,ice12,1,1
2,0-4-8,stone10,1,1
2,0-4-8-0,ice12,1,0
2,0-1,ice12,1,1
2,0-1-13,ice16,1,0
2,0-1,ice12,1,1
2,0-1-2,ice16,1,1
2,0-1-2-3,ice18,1,0
2,0-2,ice12,1,1
2,0-2-6,stone12,1,1
2,0-2-6-1,ice16,1,0
2,0-8,stone15,1,1
2,0-8-6,ice7,1,1
2,0-8-6-16,ice16,1,1
2,0-8-6-16-23,stone13,1,1
2,0-8-6-16-23-9,ice11,1,2
2,0-2,ice12,1,1
2,0-2-4,ice7,1,1
2,0-2-4-2,ice13,1,1
2,0-2-4-2-0,ice13,1,1
2,0-2-4-2-0-0,ice13,1,1
2,0-9,stone15,1,1
2,0-9-8,wood15,1,1
2,0-9-8-8,stone9,1,1
2,0-9-8-8-25,ice11,1,0
2,0-1,ice12,1,1
2,0-1-2,ice16,1,1
2,0-1-2-9,stone11,1,0
2,0-2,ice12,1,0
2,0-10,stone9,1,1
2,0-10-7,stone14,1,1
2,0-10-7-19,ice16,1,0
2,0-9,stone15,1,1
2,0-9-4,stone11,1,1
2,0-9-4-6,ice7,1,1
2,0-9-4-6-6,stone13,1,1
2,0-9-4-6-6-10,stone3,1,1
2,0-6,ice7,1,1
2,0-6-3,ice10,1,0
2,0-4,ice12,1,1
2,0-4-8,stone10,1,1
2,0-4-8-9,stone7,1,1
2,0-4-8-9-0,stone7,1,1
2,0-4-8-9-0-2,ice14,1,0
2,0-1,ice12,1,1
2,0-1-5,ice16,1,0
2,0-6,ice7,1,1
2,0-6-6,stone13,1,1
2,0-6-6-8,ice11,1,0
2,0-9,stone15,1,1
2,0-9-4,stone11,1,1
2,0-9-4-3,ice12,1,0
2,0-8,stone15,1,1
2,0-8-8,stone14,1,1
2,0-8-8-14,ice11,1,0
2,0-4,ice12,1,1
2,0-4-2,ice12,1,0
2,0-8,stone15,1,1
2,0-8-9,stone6,1,1
2,0-8-9-6,ice11,1,0
2,0-7,stone10,1,1
2,0-7-2,ice11,1,1
2,0-7-2-1,ice14,1,0
2,0-8,stone15,1,1
2,0-8-1,ice12,1,0
2,0-8,stone15,1,1
2,0-8-4,ice12,1,0
2,0-4,ice12,1,1
2,0-4-0,ice12,1,0
2,0-6,ice7,1,1
2,0-6-2,ice10,1,1
2,0-6-2-9,stone3,1,1
2,0-6-2-9-7,stone13,1,1
2,0-6-2-9-7-2,ice11,1,0
2,0-4,ice12,1,1
2,0-4-3,ice12,1,0
2,0-9,stone15,1,1
2,0-9-2,ice7,1,1
2,0-9-2-9,stone4,1,1
2,0-9-2-9-4,ice10,1,1
2,0-9-2-9-4-4,stone14,1,2
2,0-5,ice12,1,0
2,0-8,stone15,1,1
2,0-8-8,stone14,1,1
2,0-8-8-11,ice11,1,0
2,0-7,stone10,1,1
2,0-7-3,ice11,1,1
2,0-7-3-8,wood15,1,1
2,0-7-3-8-9,wood15,1,1
2,0-7-3-8-9-6,ice6,1,2
2,0-9,stone15,1,1
2,0-9-7,stone9,1,1
2,0-9-7-9,stone8,1,1
2,0-9-7-9-11,stone9,1,1
2,0-9-7-9-11-3,ice12,1,0
2,0-10,stone9,1,1
2,0-10-8,stone14,1,1
2,0-10-8-6,ice6,1,1
2,0-10-8-6-1,ice10,1,0
2,0-9,stone15,1,1
2,0-9-2,ice7,1,1
2,0-9-2-2,ice11,1,0
2,0-4,ice12,1,0
2,0-10,stone9,1,1
2,0-10-9,stone9,1,1
2,0-10-9-6,ice6,1,1
2,0-10-9-6-9,stone15,1,1
2,0-10-9-6-9-3,ice12,1,2
2,0-4,ice12,1,1
2,0-4-7,ice7,1,1
2,0-4-7-5,ice10,1,0
2,0-5,ice12,1,0
2,0-6,ice7,1,1
2,0-6-6,stone13,1,1
2,0-6-6-10,stone13,1,0
2,0-5,ice12,1,1
2,0-5-6,stone15,1,1
2,0-5-6-3,stone13,1,1
2,0-5-6-3-5,stone9,1,1
2,0-5-6-3-5-4,stone15,1,0
2,0-7,stone10,1,1
2,0-7-6,ice6,1,1
2,0-7-6-3,ice11,1,1
2,0-7-6-3-8,stone2,1,1
2,0-7-6-3-8-8,stone2,1,2
2,0-5,ice12,1,0
2,0-5,ice12,1,0
2,0-8,stone15,1,1
2,0-8-2,ice12,1,0
2,0-6,ice7,1,1
2,0-6-4,ice10,1,1
2,0-6-4-3,ice11,1,0
2,0-9,stone15,1,1
2,0-9-4,stone11,1,1
2,0-9-4-0,ice12,1,0
2,0-5,ice12,1,0
2,0-8,stone15,1,1
2,0-8-8,stone14,1,1
2,0-8-8-14,ice11,1,0
2,0-5,ice12,1,0
2,0-6,ice7,1,1
2,0-6-4,ice10,1,1
2,0-6-4-0,ice11,1,0
2,0-4,ice12,1,1
2,0-4-8,stone10,1,1
2,0-4-8-2,ice12,1,0
2,0-5,ice12,1,0
2,0-2,ice12,1,1
2,0-2-3,ice15,1,1
2,0-2-3-9,stone15,1,0
2,0-2,ice12,1,1
2,0-2-10,wood16,1,1
2,0-2-10-15,stone12,1,1
2,0-2-10-15-0,ice15,1,0
2,0-2,ice12,1,1
2,0-2-4,ice7,1,1
2,0-2-4-1,ice13,1,0
2,0-8,stone15,1,1
2,0-8-9,stone6,1,1
2,0-8-9-12,ice11,1,1
2,0-8-9-12-3,stone8,1,1
2,0-8-9-12-3-0,stone8,1,2
2,0-8,stone15,1,1
2,0-8-9,stone6,1,1
2,0-8-9-9,ice11,1,0
2,0-10,stone9,1,1
2,0-10-7,stone14,1,1
2,0-10-7-17,ice16,1,1
2,0-10-7-17-1,ice11,1,0
2,0-1,ice12,1,1
2,0-1-10,ice16,1,0
2,0-10,stone9,1,1
2,0-10-3,ice11,1,1
2,0-10-3-3,stone13,1,1
2,0-10-3-3-5,stone14,1,1
2,0-10-3-3-5-5,ice15,1,0
2,0-4,ice12,1,1
2,0-4-7,ice7,1,1
2,0-4-7-2,ice10,1,1
2,0-4-7-2-2,stone3,1,1
2,0-4-7-2-2-1,stone2,1,1
2,0-10,stone9,1,1
2,0-10-3,ice11,1,0
2,0-6,ice7,1,1
2,0-6-6,stone13,1,1
2,0-6-6-2,ice10,1,1
2,0-6-6-2-8,stone2,1,1
2,0-6-6-2-8-4,ice10,1,2
2,0-9,stone15,1,1
2,0-9-4,stone11,1,1
2,0-9-4-4,ice12,1,0
2,0-8,stone15,1,1
2,0-8-9,stone6,1,1
2,0-8-9-3,ice11,1,1
2,0-8-9-3-2,stone12,1,0
2,0-7,stone10,1,1
2,0-7-5,ice11,1,0
2,0-8,stone15,1,1
2,0-8-9,stone6,1,1
2,0-8-9-0,ice11,1,0
2,0-6,ice7,1,1
2,0-6-10,stone5,1,1
2,0-6-10-9,stone13,1,1
2,0-6-10-9-17,ice15,1,1
2,0-6-10-9-17-18,ice15,1,1
2,0-7,stone10,1,1
2,0-7-9,stone7,1,1
2,0-7-9-0,stone7,1,1
2,0-7-9-0-6,ice11,1,1
2,0-7-9-0-6-4,ice12,1,0
2,0-6,ice7,1,1
2,0-6-2,ice10,1,1
2,0-6-2-3,ice11,1,0
2,0-8,stone15,1,1
2,0-8-9,stone6,1,1
2,0-8-9-17,ice11,1,0
2,0-6,ice7,1,1
2,0-6-7,stone13,1,1
2,0-6-7-8,stone13,1,1
2,0-6-7-8-2,stone10,1,1
2,0-6-7-8-2-7,stone2,1,1
2,0-8,stone15,1,1
2,0-8-6,ice7,1,1
2,0-8-6-2,ice11,1,0
2,0-9,stone15,1,1
2,0-9-8,wood15,1,1
2,0-9-8-1,ice13,1,0
2,0-1,ice12,1,1
2,0-1-25,stone9,1,1
2,0-1-25-6,stone13,1,1
2,0-1-25-6-3,stone11,1,0
2,0-6,ice7,1,1
2,0-6-8,stone2,1,1
2,0-6-8-4,ice10,1,0
2,0-5,ice12,1,0
2,0-10,stone9,1,1
2,0-10-2,ice11,1,1
2,0-10-2-6,stone13,1,1
2,0-10-2-6-5,wood13,1,1
2,0-10-2-6-5-4,stone13,1,0
2,0-7,stone10,1,1
2,0-7-2,ice11,1,1
2,0-7-2-9,wood15,1,0
2,0-9,stone15,1,1
2,0-9-11,wood15,1,1
2,0-9-11-6,ice11,1,0
2,0-5,ice12,1,1
2,0-5-7,stone9,1,1
2,0-5-7-4,stone13,1,1
2,0-5-7-4-0,stone13,1,1
2,0-5-7-4-0-10,ice16,1,0
2,0-9,stone15,1,1
2,0-9-6,stone16,1,1
2,0-9-6-5,stone15,1,1
2,0-9-6-5-11,ice12,1,1
2,0-9-6-5-11-0,ice11,1,0
2,0-10,stone9,1,1
2,0-10-1,ice11,1,1
2,0-10-1-0,ice6,1,1
2,0-10-1-0-0,stone0,1,1
2,0-10-1-0-0-3,ice13,1,0
2,0-2,ice12,1,1
2,0-2-7,stone14,1,1
2,0-2-7-2,ice7,1,1
2,0-2-7-2-5,stone3,1,1
2,0-2-7-2-5-3,stone2,1,2
2,0-6,ice7,1,1
2,0-6-10,stone5,1,1
2,0-6-10-0,stone5,1,1
2,0-6-10-0-3,ice9,1,0
2,0-2,ice12,1,1
2,0-2-1,ice15,1,0
2,0-4,ice12,1,1
2,0-4-9,stone15,1,0
2,0-2,ice12,1,1
2,0-2-8,stone9,1,1
2,0-2-8-9,wood15,1,1
2,0-2-8-9-2,ice14,1,0
2,0-5,ice12,1,0
2,0-8,stone15,1,1
2,0-8-9,stone6,1,1
2,0-8-9-24,stone13,1,1
2,0-8-9-24-1,ice11,1,0
2,0-10,stone9,1,1
2,0-10-1,ice11,1,1
2,0-10-1-5,wood12,1,0
2,0-1,ice12,1,1
2,0-1-25,stone9,1,1
2,0-1-25-4,ice6,1,1
2,0-1-25-4-4,stone0,1,1
2,0-1-25-4-4-0,stone0,1,2
2,0-8,stone15,1,1
2,0-8-9,stone6,1,1
2,0-8-9-4,ice11,1,0
2,0-2,ice12,1,1
2,0-2-10,wood16,1,0
2,0-6,ice7,1,1
2,0-6-7,stone13,1,1
2,0-6-7-2,ice10,1,0
2,0-4,ice12,1,1
2,0-4-8,stone10,1,0
2,0-10,stone9,1,1
2,0-10-6,ice6,1,1
2,0-10-6-9,stone13,1,1
2,0-10-6-9-0,stone13,1,1
2,0-10-6-9-0-25,stone13,1,2
2,0-8,stone15,1,1
2,0-8-7,stone14,1,1
2,0-8-7-2,stone12,1,0
2,0-10,stone9,1,1
2,0-10-9,stone9,1,1
2,0-10-9-5,ice12,1,1
2,0-10-9-5-3,stone14,1,0
2,0-4,ice12,1,1
2,0-4-4,ice12,1,0
2,0-1,ice12,1,1
2,0-1-17,ice16,1,1
2,0-1-17-0,ice11,1,0
2,0-10,stone9,1,1
2,0-10-9,stone9,1,1
2,0-10-9-9,stone15,1,1
2,0-10-9-9-2,ice12,1,1
2,0-10-9-9-2-2,stone12,1,0
2,0-1,ice12,1,1
2,0-1-4,ice16,1,1
2,0-1-4-0,ice15,1,0
2,0-10,stone9,1,1
2,0-10-7,stone14,1,1
2,0-10-7-4,ice11,1,1
2,0-10-7-4-0,ice6,1,1
2,0-10-7-4-0-2,stone11,1,2
2,0-4,ice12,1,1
2,0-4-10,stone15,1,1
2,0-4-10-7,stone12,1,1
2,0-4-10-7-8,stone14,1,1
2,0-4-10-7-8-7,stone10,1,2
2,0-6,ice7,1,1
2,0-6-4,ice10,1,1
2,0-6-4-5,stone10,1,1
2,0-6-4-5-8,stone14,1,1
2,0-6-4-5-8-2,ice11,1,2
2,0-8,stone15,1,1
2,0-8-6,ice7,1,1
2,0-8-6-18,ice16,1,1
2,0-8-6-18-24,stone4,1,1
2,0-8-6-18-24-11,ice9,1,2
2,0-10,stone9,1,1
2,0-10-4,ice11,1,1
2,0-10-4-16,stone15,1,0
2,0-9,stone15,1,1
2,0-9-9,wood15,1,0
2,0-6,ice7,1,1
2,0-6-3,ice10,1,1
2,0-6-3-0,ice10,1,0
2,0-6,ice7,1,1
2,0-6-7,stone13,1,1
2,0-6-7-4,ice10,1,1
2,0-6-7-4-0,stone11,1,0
2,0-5,ice12,1,1
2,0-5-1,ice7,1,1
2,0-5-1-2,stone11,1,1
2,0-5-1-2-2,stone10,1,1
2,0-5-1-2-2-7,ice11,1,0
2,0-10,stone9,1,1
2,0-10-6,ice6,1,1
2,0-10-6-10,stone5,1,1
2,0-10-6-10-8,stone14,1,1
2,0-10-6-10-8-30,stone2,1,2
2,0-8,stone15,1,1
2,0-8-8,stone14,1,1
2,0-8-8-18,ice6,1,1
2,0-8-8-18-3,ice11,1,1
2,0-8-8-18-3-2,stone13,1,0
2,0-5,ice12,1,1
2,0-5-7,stone9,1,1
2,0-5-7-0,ice11,1,0
2,0-7,stone10,1,1
2,0-7-8,stone14,1,1
2,0-7-8-2,ice11,1,1
2,0-7-8-2-8,stone14,1,1
2,0-7,stone10,1,1
2,0-7-7,stone14,1,1
2,0-7-7-7,ice6,1,1
2,0-7-7-7-12,stone14,1,1
2,0-7-7-7-12-0,ice10,1,0
2,0-10,stone9,1,1
2,0-10-2,ice11,1,0
2,0-4,ice12,1,1
2,0-4-8,stone15,1,1
2,0-4-8-2,ice13,1,0
2,0-8,stone15,1,1
2,0-8-2,ice12,1,0
2,0-6,ice7,1,1
2,0-6-0,ice10,1,0
2,0-1,ice12,1,0
2,0-2,ice12,1,1
2,0-2-0,ice15,1,0
2,0-2,ice12,1,1
2,0-2-3,ice15,1,0
2,0-4,ice12,1,1
2,0-4-2,ice13,1,0
2,0-6,ice7,1,1
2,0-6-6,stone13,1,1
2,0-6-6-5,ice11,1,0
2,0-0,ice12,1,0
2,0-5,ice12,1,0
2,0-8,stone15,1,1
2,0-8-6,ice12,1,0
2,0-10,stone9,1,1
2,0-10-6,ice12,1,1
2,0-10-6-2,ice12,1,0
2,0-9,stone15,1,1
2,0-9-8,stone14,1,1
2,0-9-8-1,ice0,1,1
2,0-9-8-1-4,ice10,1,0
2,0-3,ice12,1,0
2,0-9,stone15,1,1
2,0-9-7,stone14,1,1
2,0-9-7-3,ice12,1,0
2,0-10,stone9,1,1
2,0-10-5,ice11,1,0
2,0-7,stone10,1,1
2,0-7-8,stone14,1,1
2,0-7-8-10,wood14,1,0
2,0-7,stone10,1,1
2,0-7-5,ice11,1,0
2,0-4,ice12,1,1
2,0-4-6,stone10,1,1
2,0-4-6-11,stone14,1,1
2,0-4-6-11-2,ice15,1,0
2,0-9,stone15,1,1
2,0-9-7,stone14,1,1
2,0-9-7-1,ice12,1,0
2,0-8,stone15,1,1
2,0-8-3,ice12,1,0
2,0-2,ice12,1,0
2,0-8,stone15,1,1
2,0-8-4,ice12,1,0
2,0-9,stone15,1,1
2,0-9-6,ice12,1,0
2,0-6,ice7,1,1
2,0-6-10,stone5,1,1
2,0-6-10-1,ice11,1,1
2,0-6-10-1-4,stone14,1,0
2,0-6,ice7,1,1
2,0-6-8,stone2,1,1
2,0-6-8-1,ice10,1,0
2,0-8,stone15,1,1
2,0-8-0,ice0,1,1
2,0-8-0-15,ice10,1,1
2,0-8-0-15-1,ice10,1,0
2,0-2,ice12,1,1
2,0-2-1,ice15,1,0
2,0-9,stone15,1,1
2,0-9-4,ice12,1,0
2,0-4,ice12,1,1
2,0-4-6,stone10,1,1
2,0-4-6-9,ice12,1,1
2,0-4-6-9-5,stone7,1,1
2,0-4-6-9-5-6,stone8,1,2
2,0-4,ice12,1,1
2,0-4-10,stone9,1,1
2,0-4-10-12,ice11,1,1
2,0-4-10-12-2,stone9,1,1
2,0-4-10-12-2-0,ice6,1,2
2,0-10,stone9,1,1
2,0-10-7,ice6,1,1
2,0-10-7-1,ice10,1,1
2,0-10-7-1-13,wood12,1,1
2,0-10-7-1-13-9,ice11,1,2
2,0-9,stone15,1,1
2,0-9-7,stone14,1,1
2,0-9-7-4,ice12,1,0
2,0-6,ice7,1,1
2,0-6-3,ice10,1,1
2,0-6-3-7,stone5,1,1
2,0-6-3-7-2,stone11,1,0
2,0-9,stone15,1,1
2,0-9-1,ice11,1,0
2,0-7,stone10,1,1
2,0-7-0,ice11,1,0
2,0-10,stone9,1,1
2,0-10-0,ice11,1,0
2,0-7,stone10,1,1
2,0-7-8,stone14,1,1
2,0-7-8-9,wood14,1,1
2,0-7-8-9-13,ice12,1,0
2,0-6,ice7,1,1
2,0-6-2,ice10,1,1
2,0-6-2-1,ice13,1,0
2,0-10,stone9,1,1
2,0-10-4,ice11,1,1
2,0-10-4-4,ice12,1,0
2,0-6,ice7,1,1
2,0-6-1,ice10,1,1
2,0-6-1-2,stone11,1,1
2,0-6-1-2-4,stone5,1,1
2,0-6-1-2-4-4,stone9,1,2
2,0-10,stone9,1,1
2,0-10-6,ice12,1,1
2,0-10-6-4,ice12,1,0
2,0-6,ice7,1,1
2,0-6-8,stone2,1,1
2,0-6-8-0,stone2,1,1
2,0-6-8-0-0,ice8,1,0
2,0-9,stone15,1,1
2,0-9-3,ice12,1,0
2,0-10,stone9,1,1
2,0-10-1,ice11,1,1
2,0-10-1-3,stone12,1,1
2,0-10-1-3-1,stone11,1,1
2,0-10-1-3-1-1,stone12,1,0
2,0-10,stone9,1,1
2,0-10-4,ice11,1,1
2,0-10-4-1,ice12,1,0
2,0-6,ice7,1,1
2,0-6-5,ice10,1,1
2,0-6-5-5,stone5,1,1
2,0-6-5-5-6,wood11,1,1
2,0-6-5-5-6-1,stone14,1,1
2,0-9,stone15,1,1
2,0-9-0,ice0,1,1
2,0-9-0-1,ice10,1,1
2,0-9-0-1-4,stone9,1,1
2,0-9-0-1-4-0,stone10,1,2
2,0-4,ice12,1,1
2,0-4-10,stone9,1,1
2,0-4-10-12,ice11,1,1
2,0-4-10-12-0,ice6,1,1
2,0-4-10-12-0-3,stone5,1,2
2,0-7,stone10,1,1
2,0-7-2,ice11,1,0
2,0-10,stone9,1,1
2,0-10-8,stone14,1,1
2,0-10-8-10,ice11,1,1
2,0-10-8-10-5,ice6,1,1
2,0-10-8-10-5-1,ice10,1,2
2,0-10,stone9,1,1
2,0-10-10,stone9,1,1
2,0-10-10-6,ice11,1,0
2,0-10,stone9,1,1
2,0-10-9,stone14,1,1
2,0-10-9-23,stone8,1,1
2,0-10-9-23-23,stone13,1,1
2,0-10-9-23-23-9,ice11,1,2
2,0-9,stone15,1,1
2,0-9-5,ice12,1,0
2,0-6,ice7,1,1
2,0-6-6,stone13,1,1
2,0-6-6-10,ice11,1,0
2,0-2,ice12,1,1
2,0-2-9,wood16,1,1
2,0-2-9-0,wood16,1,1
2,0-2-9-0-0,wood16,1,1
2,0-2-9-0-0-0,wood16,1,1
2,0-7,stone10,1,1
2,0-7-4,ice11,1,1
2,0-7-4-5,ice11,1,0
2,0-7,stone10,1,1
2,0-7-3,ice11,1,1
2,0-7-3-4,stone13,1,1
2,0-7-3-4-3,stone7,1,1
2,0-7-3-4-3-4,stone8,1,2
2,0-2,ice12,1,1
2,0-2-4,ice7,1,1
2,0-2-4-10,wood14,1,1
2,0-2-4-10-4,ice13,1,0
2,0-6,ice7,1,1
2,0-6-2,ice10,1,1
2,0-6-2-10,wood14,1,1
2,0-6-2-10-0,ice14,1,0
2,0-6,ice7,1,1
2,0-6-6,stone13,1,1
2,0-6-6-27,wood13,1,1
2,0-6-6-27-3,ice11,1,0
2,0-2,ice12,1,1
2,0-2-5,stone10,1,1
2,0-2-5-9,ice7,1,1
2,0-2-5-9-4,ice10,1,1
2,0-2-5-9-4-9,stone13,1,0
2,0-8,stone15,1,1
2,0-8-7,stone14,1,1
2,0-8-7-2,ice11,1,0
2,0-9,stone15,1,1
2,0-9-2,ice12,1,1
2,0-9-2-2,stone13,1,0
2,0-8,stone15,1,1
2,0-8-8,stone14,1,1
2,0-8-8-8,ice11,1,0
2,0-7,stone10,1,1
2,0-7-9,stone8,1,1
2,0-7-9-2,ice11,1,1
2,0-7-9-2-4,stone8,1,1
2,0-7-9-2-4-3,stone11,1,2
2,0-2,ice12,1,1
2,0-2-7,stone14,1,1
2,0-2-7-5,wood13,1,1
2,0-2-7-5-0,wood13,1,0
2,0-8,stone15,1,1
2,0-8-8,stone14,1,1
2,0-8-8-14,ice11,1,1
2,0-8-8-14-6,ice6,1,1
2,0-8-8-14-6-1,ice10,1,2
2,0-4,ice12,1,0
2,0-9,stone15,1,1
2,0-9-7,stone14,1,1
2,0-9-7-10,stone9,1,1
2,0-9-7-10-8,stone14,1,1
2,0-9-7-10-8-1,ice11,1,0
2,0-8,stone15,1,1
2,0-8-0,ice0,1,1
2,0-8-0-20,stone1,1,1
2,0-8-0-20-19,stone11,1,1
2,0-8-0-20-19-10,ice9,1,2
2,0-9,stone15,1,1
2,0-9-0,ice0,1,1
2,0-9-0-1,ice10,1,0
2,0-10,stone9,1,1
2,0-10-9,stone14,1,1
2,0-10-9-15,ice11,1,0
2,0-10,stone9,1,1
2,0-10-8,stone14,1,1
2,0-10-8-14,ice11,1,0
2,0-6,ice7,1,1
2,0-6-6,stone13,1,1
2,0-6-6-0,stone13,1,0
2,0-7,stone10,1,1
2,0-7-3,ice11,1,1
2,0-7-3-1,ice6,1,1
2,0-7-3-1-2,stone0,1,1
2,0-7-3-1-2-2,stone11,1,0
2,0-6,ice7,1,1
2,0-6-2,ice10,1,1
2,0-6-2-0,ice13,1,0
2,0-8,stone15,1,1
2,0-8-5,ice12,1,0
2,0-10,stone9,1,1
2,0-10-8,stone14,1,1
2,0-10-8-17,ice16,1,1
2,0-10-8-17-14,ice11,1,0
2,0-6,ice7,1,1
2,0-6-6,stone13,1,1
2,0-6-6-8,ice11,1,0
2,0-9,stone15,1,1
2,0-9-0,ice0,1,1
2,0-9-0-2,ice10,1,0
2,0-4,ice12,1,1
2,0-4-5,ice7,1,1
2,0-4-5-2,ice11,1,1
2,0-4-5-2-9,stone15,1,1
2,0-4-5-2-9-5,ice11,1,0
2,0-8,stone15,1,1
2,0-8-7,stone14,1,1
2,0-8-7-6,stone14,1,0
2,0-8,stone15,1,1
2,0-8-8,stone14,1,1
2,0-8-8-7,ice11,1,0
2,0-10,stone9,1,1
2,0-10-10,stone9,1,1
2,0-10-10-1,ice11,1,0
2,0-7,stone10,1,1
2,0-7-9,stone8,1,1
2,0-7-9-4,ice11,1,0
2,0-4,ice12,1,1
2,0-4-7,stone12,1,1
2,0-4-7-5,ice14,1,0
2,0-6,ice7,1,1
2,0-6-5,ice10,1,1
2,0-6-5-1,stone12,1,1
2,0-6-5-1-2,ice13,1,1
2,0-6-5-1-2-4,stone5,1,1
2,0-10,stone9,1,1
2,0-10-10,stone9,1,1
2,0-10-10-0,stone9,1,1
2,0-10-10-0-7,stone13,1,1
2,0-10-10-0-7-26,stone14,1,2
2,0-7,stone10,1,1
2,0-7-7,stone14,1,1
2,0-7-7-1,ice11,1,0
2,0-9,stone15,1,1
2,0-9-8,stone14,1,1
2,0-9-8-3,ice11,1,0
2,0-4,ice12,1,1
2,0-4-0,ice13,1,0
2,0-2,ice12,1,1
2,0-2-4,ice7,1,1
2,0-2-4-5,stone12,1,1
2,0-2-4-5-2,stone1,1,1
2,0-2-4-5-2-5,wood13,1,2
2,0-7,stone10,1,1
2,0-7-9,stone8,1,1
2,0-7-9-6,ice11,1,0
2,0-2,ice12,1,1
2,0-2-2,ice15,1,1
2,0-2-2-0,ice15,1,1
2,0-2-2-0-0,ice15,1,1
2,0-2-2-0-0-0,ice15,1,1
2,0-2,ice12,1,1
2,0-2-5,stone10,1,1
2,0-2-5-9,ice7,1,1
2,0-2-5-9-4,ice10,1,0
2,0-6,ice7,1,1
2,0-6-10,stone5,1,1
2,0-6-10-4,ice11,1,1
2,0-6-10-4-15,stone14,1,1
2,0-6-10-4-15-0,stone11,1,0
2,0-8,stone15,1,1
2,0-8-1,ice11,1,0
2,0-7,stone10,1,1
2,0-7-7,stone14,1,1
2,0-7-7-8,stone14,1,1
2,0-7-7-8-22,ice11,1,1
2,0-7-7-8-22-3,ice11,1,2
2,0-6,ice7,1,1
2,0-6-1,ice10,1,1
2,0-6-1-3,stone2,1,1
2,0-6-1-3-5,stone12,1,1
2,0-6-1-3-5-5,wood12,1,2
2,0-7,stone10,1,1
2,0-7-7,stone14,1,1
2,0-7-7-13,stone14,1,1
2,0-7-7-13-7,stone10,1,1
2,0-7-7-13-7-5,stone12,1,2
2,0-4,ice12,1,1
2,0-4-4,ice13,1,0
2,0-9,stone15,1,1
2,0-9-8,stone14,1,1
2,0-9-8-13,ice11,1,0
2,0-10,stone9,1,1
2,0-10-6,ice12,1,1
2,0-10-6-5,ice6,1,1
2,0-10-6-5-17,ice13,1,0
2,0-8,stone15,1,1
2,0-8-8,stone14,1,1
2,0-8-8-11,ice11,1,1
2,0-8-8-11-8,ice13,1,0
2,0-8,stone15,1,1
2,0-8-7,stone14,1,1
2,0-8-7-8,stone8,1,1
2,0-8-7-8-2,ice11,1,1
2,0-8-7-8-2-1,stone11,1,2
2,0-2,ice12,1,1
2,0-2-6,stone12,1,1
2,0-2-6-7,wood17,1,0
2,0-9,stone15,1,1
2,0-9-7,stone14,1,1
2,0-9-7-7,stone10,1,1
2,0-9-7-7-3,ice11,1,1
2,0-9-7-7-3-0,ice6,1,2
2,0-9,stone15,1,1
2,0-9-0,ice0,1,1
2,0-9-0-3,ice10,1,0
2,0-8,stone15,1,1
2,0-8-7,stone14,1,1
2,0-8-7-1,ice11,1,0
2,0-4,ice12,1,1
2,0-4-1,ice13,1,0
2,0-8,stone15,1,1
2,0-8-0,ice0,1,1
2,0-8-0-2,ice10,1,0
2,0-6,ice7,1,1
2,0-6-6,stone13,1,1
2,0-6-6-17,ice11,1,1
2,0-6-6-17-0,ice10,1,0
2,0-9,stone15,1,1
2,0-9-0,ice0,1,1
2,0-9-0-7,stone12,1,1
2,0-9-0-7-5,stone5,1,1
2,0-9-0-7-5-3,stone12,1,2
2,0-10,stone9,1,1
2,0-10-7,ice6,1,1
2,0-10-7-8,stone13,1,1
2,0-10-7-8-7,stone12,1,1
2,0-10-7-8-7-2,stone0,1,1
2,0-2,ice12,1,1
2,0-2-8,stone9,1,1
2,0-2-8-3,ice14,1,0
2,0-8,stone15,1,1
2,0-8-8,stone14,1,1
2,0-8-8-9,ice11,1,1
2,0-8-8-9-0,ice6,1,1
2,0-8-8-9-0-2,stone4,1,2
2,0-4,ice12,1,1
2,0-4-8,stone15,1,0
2,0-9,stone15,1,1
2,0-9-8,stone14,1,1
2,0-9-8-15,ice11,1,0
2,0-10,stone9,1,1
2,0-10-8,stone14,1,1
2,0-10-8-7,ice11,1,0
2,0-6,ice7,1,1
2,0-6-9,stone3,1,1
2,0-6-9-4,ice10,1,1
2,0-6-9-4-6,stone4,1,1
2,0-6-9-4-6-5,stone13,1,2
2,0-8,stone15,1,1
2,0-8-8,stone14,1,0
2,0-8,stone15,1,1
2,0-8-8,stone14,1,1
2,0-8-8-12,ice11,1,0
2,0-4,ice12,1,1
2,0-4-9,stone15,1,0
2,0-7,stone10,1,1
2,0-7-3,ice11,1,1
2,0-7-3-5,stone14,1,1
2,0-7-3-5-0,ice11,1,0
2,0-8,stone15,1,1
2,0-8-7,stone14,1,1
2,0-8-7-3,ice11,1,0
2,0-7,stone10,1,1
2,0-7-6,ice6,1,1
2,0-7-6-0,ice10,1,0
2,0-9,stone15,1,1
2,0-9-2,ice12,1,0
2,0-8,stone15,1,1
2,0-8-8,stone14,1,1
2,0-8-8-2,ice11,1,0
2,0-4,ice12,1,1
2,0-4-8,stone15,1,1
2,0-4-8-11,wood14,1,0
2,0-6,ice7,1,1
2,0-6-3,ice10,1,1
2,0-6-3-4,stone13,1,1
2,0-6-3-4-3,stone5,1,1
2,0-6-3-4-3-0,stone5,1,2
2,0-4,ice12,1,0
2,0-4,ice12,1,1
2,0-4-7,stone12,1,0
2,0-9,stone15,1,1
2,0-9-8,stone14,1,1
2,0-9-8-9,ice11,1,0
2,0-7,stone10,1,1
2,0-7-1,ice11,1,1
2,0-7-1-1,ice14,1,0
2,0-4,ice12,1,1
2,0-4-8,stone15,1,1
2,0-4-8-3,ice13,1,0
2,0-4,ice12,1,1
2,0-4-6,stone10,1,1
2,0-4-6-8,ice12,1,0
2,0-4,ice12,1,1
2,0-4-3,ice13,1,0
2,0-9,stone15,1,1
2,0-9-0,ice0,1,1
2,0-9-0-7,stone12,1,0
2,0-9-0-7-0,ice10,1,0
2,0-7,stone10,1,1
2,0-7-6,ice6,1,1
2,0-7-6-2,ice10,1,1
2,0-7-6-2-9,wood14,1,1
2,0-7-6-2-9-3,ice15,1,0
2,0-9,stone15,1,1
2,0-9-8,stone14,1,1
2,0-9-8-18,stone14,1,1
2,0-9-8-18-9,ice12,1,0
2,0-6,ice7,1,1
2,0-6-3,ice10,1,1
2,0-6-3-7,stone5,1,1
2,0-6-3-7-5,stone13,1,0
2,0-9,stone15,1,1
2,0-9-7,stone14,1,1
2,0-9-7-10,stone9,1,1
2,0-9-7-10-2,ice11,1,0
2,0-8,stone15,1,1
2,0-8-8,stone14,1,1
2,0-8-8-5,ice11,1,1
2,0-8-8-5-5,stone9,1,1
2,0-8-8-5-5-3,stone11,1,0
2,0-9,stone15,1,1
2,0-9-0,ice0,1,1
2,0-9-0-4,ice10,1,0
2,0-6,ice7,1,1
2,0-6-7,stone13,1,1
2,0-6-7-0,ice11,1,0
2,0-9,stone15,1,1
2,0-9-8,stone14,1,1
2,0-9-8-5,ice11,1,0
2,0-8,stone15,1,1
2,0-8-7,stone14,1,1
2,0-8-7-4,ice11,1,0
2,0-6,ice7,1,1
2,0-6-2,ice10,1,1
2,0-6-2-10,wood14,1,0
2,0-2,ice12,1,1
2,0-2-5,stone10,1,1
2,0-2-5-1,ice11,1,1
2,0-1,ice12,1,1
2,0-1-0,ice7,1,1
2,0-1-0-1,stone12,1,1
2,0-1-0-1-1,stone2,1,1
2,0-1-0-1-1-2,stone2,1,2
2,0-10,stone9,1,1
2,0-10-4,ice11,1,1
2,0-10-4-11,ice11,1,0
2,0-3,ice12,1,0
2,0-0,ice12,1,1
2,0-0-1,ice7,1,1
2,0-0-1-1,stone11,1,1
2,0-0-1-1-0,stone11,1,0
2,0-10,stone9,1,1
2,0-10-8,stone14,1,1
2,0-10-8-8,wood14,1,1
2,0-10-8-8-10,stone15,1,1
2,0-10-8-8-10-12,stone9,1,2
2,0-7,stone10,1,1
2,0-7-1,ice11,1,1
2,0-7-1-15,ice15,1,1
2,0-7-1-15-17,ice15,1,1
2,0-7-1-15-17-18,ice15,1,2
2,0-6,ice7,1,1
2,0-6-9,stone3,1,1
2,0-6-9-4,ice10,1,0
2,0-6,ice7,1,1
2,0-6-4,ice10,1,1
2,0-6-4-7,stone13,1,1
2,0-6-4-7-13,stone3,1,1
2,0-6-4-7-13-3,ice11,1,2
2,0-7,stone10,1,1
2,0-7-3,ice11,1,0
2,0-2,ice12,1,1
2,0-2-2,ice15,1,1
2,0-2-2-0,ice15,1,1
2,0-2-2-0-0,ice15,1,1
2,0-2-2-0-0-0,ice15,1,1
2,0-9,stone15,1,1
2,0-9-0,ice13,1,0
2,0-1,ice12,1,1
2,0-1-5,stone9,1,1
2,0-1-5-1,ice14,1,0
2,0-2,ice12,1,1
2,0-2-3,ice15,1,0
2,0-9,stone15,1,1
2,0-9-11,wood15,1,1
2,0-9-11-15,stone6,1,1
2,0-9-11-15-12,ice12,1,0
2,0-1,ice12,1,1
2,0-1-4,stone14,1,1
2,0-1-4-5,ice7,1,1
2,0-1-4-5-5,stone12,1,1
2,0-1-4-5-5-0,ice14,1,2
2,0-2,ice12,1,1
2,0-2-8,stone9,1,1
2,0-2-8-9,wood15,1,0
2,0-1,ice12,1,1
2,0-1-0,ice7,1,1
2,0-1-0-2,stone12,1,1
2,0-1-0-2-0,stone12,1,1
2,0-1-0-2-0-4,ice13,1,0
2,0-9,stone15,1,1
2,0-9-4,stone11,1,1
2,0-9-4-10,stone9,1,1
2,0-9-4-10-0,ice11,1,0
2,0-1,ice12,1,1
2,0-1-4,stone14,1,1
2,0-1-4-0,stone14,1,1
2,0-1-4-0-4,ice15,1,0
2,0-0,ice12,1,0
2,0-0,ice12,1,0
2,0-6,ice7,1,1
2,0-6-1,ice10,1,1
2,0-6-1-6,stone13,1,1
2,0-6-1-6-7,stone14,1,1
2,0-6-1-6-7-6,stone2,1,1
2,0-0,ice12,1,0
2,0-6,ice7,1,1
2,0-6-4,ice10,1,1
2,0-6-4-3,ice10,1,0
2,0-6,ice7,1,1
2,0-6-10,stone5,1,1
2,0-6-10-5,ice10,1,1
2,0-6-10-5-3,ice11,1,0
2,0-0,ice12,1,0
2,0-2,ice12,1,0
2,0-2,ice12,1,1
2,0-2-8,stone9,1,1
2,0-2-8-1,ice14,1,0
2,0-6,ice7,1,1
2,0-6-4,ice10,1,1
2,0-6-4-7,stone13,1,1
2,0-6-4-7-12,stone2,1,1
2,0-6-4-7-12-0,ice10,1,0
2,0-5,ice12,1,0
2,0-8,stone15,1,1
2,0-8-9,ice11,1,1
2,0-8-9-1,ice11,1,0
2,0-0,ice12,1,0
2,0-10,stone9,1,1
2,0-10-6,ice6,1,1
2,0-10-6-9,stone5,1,1
2,0-10-6-9-1,ice10,1,0
2,0-8,stone15,1,1
2,0-8-9,ice11,1,0
2,0-2,ice12,1,1
2,0-2-8,stone9,1,1
2,0-2-8-5,stone11,1,1
2,0-2-8-5-5,stone8,1,1
2,0-2-8-5-5-8,wood16,1,2
2,0-10,stone9,1,1
2,0-10-0,ice11,1,0
2,0-9,stone15,1,1
2,0-9-9,wood15,1,1
2,0-9-9-6,stone14,1,0
2,0-7,stone10,1,1
2,0-7-0,ice11,1,0
2,0-2,ice12,1,1
2,0-2-6,stone12,1,1
2,0-2-6-1,ice16,1,0
2,0-10,stone9,1,1
2,0-10-1,ice11,1,1
2,0-10-1-5,stone11,1,1
2,0-10-1-5-4,stone13,1,1
2,0-10-1-5-4-1,stone11,1,0
2,0-2,ice12,1,0
2,0-2,ice12,1,1
2,0-2-1,ice15,1,0
2,0-0,ice12,1,0
2,0-10,stone9,1,1
2,0-10-8,stone14,1,1
2,0-10-8-11,wood14,1,1
2,0-10-8-11-0,ice6,1,1
2,0-10-8-11-0-2,stone12,1,2
2,0-9,stone15,1,1
2,0-9-12,wood15,1,0
2,0-9,stone15,1,1
2,0-9-5,stone16,1,1
2,0-9-5-6,stone9,1,1
2,0-9-5-6-2,stone11,1,1
2,0-9-5-6-2-6,stone14,1,2
2,0-2,ice12,1,1
2,0-2-5,stone10,1,1
2,0-2-5-5,stone11,1,1
2,0-2-5-5-0,ice14,1,0
2,0-8,stone15,1,1
2,0-8-1,ice11,1,0
2,0-4,ice12,1,1
2,0-4-8,stone9,1,1
2,0-4-8-0,ice14,1,0
2,0-8,stone15,1,1
2,0-8-18,ice16,1,1
2,0-8-18-25,stone8,1,1
2,0-8-18-25-2,ice11,1,0
2,0-0,ice12,1,0
2,0-0,ice12,1,0
2,0-8,stone15,1,1
2,0-8-15,ice11,1,0
2,0-10,stone9,1,1
2,0-10-2,ice11,1,1
2,0-10-2-6,stone13,1,1
2,0-10-2-6-5,stone9,1,1
2,0-10-2-6-5-3,ice6,1,2
2,0-10,stone9,1,1
2,0-10-6,ice6,1,1
2,0-10-6-4,ice10,1,1
2,0-10-6-4-3,stone1,1,1
2,0-10-6-4-3-7,stone2,1,1
2,0-1,ice12,1,1
2,0-1-0,ice7,1,1
2,0-1-0-2,stone12,1,1
2,0-1-0-2-4,ice13,1,0
2,0-9,stone15,1,1
2,0-9-2,ice7,1,1
2,0-9-2-5,stone12,1,1
2,0-9-2-5-4,stone5,1,1
2,0-9-2-5-4-1,ice10,1,2
2,0-7,stone10,1,1
2,0-7-7,stone14,1,1
2,0-7-7-9,ice11,1,0
2,0-4,ice12,1,1
2,0-4-2,ice15,1,1
2,0-4-2-0,ice15,1,1
2,0-4-2-0-0,ice15,1,1
2,0-4-2-0-0-0,ice15,1,1
2,0-6,ice7,1,1
2,0-6-4,ice10,1,1
2,0-6-4-8,stone13,1,1
2,0-6-4-8-5,ice12,1,1
2,0-6-4-8-5-7,ice12,1,0
2,0-0,ice12,1,0
2,0-9,stone15,1,1
2,0-9-6,stone16,1,1
2,0-9-6-1,ice12,1,1
2,0-9-6-1-5,ice13,1,1
2,0-9-6-1-5-4,stone8,1,2
2,0-6,ice7,1,1
2,0-6-8,stone2,1,1
2,0-6-8-0,stone2,1,1
2,0-6-8-0-0,ice8,1,0
2,0-9,stone15,1,1
2,0-9-2,ice7,1,1
2,0-9-2-7,stone2,1,1
2,0-9-2-7-1,ice11,1,1
2,0-9-2-7-1-2,stone4,1,2
2,0-9,stone15,1,1
2,0-9-4,stone11,1,1
2,0-9-4-10,stone9,1,1
2,0-9-4-10-5,ice11,1,0
2,0-9,stone15,1,1
2,0-9-2,ice7,1,1
2,0-9-2-9,stone5,1,1
2,0-9-2-9-14,ice9,1,1
2,0-9-2-9-14-3,stone12,1,2
2,0-1,ice12,1,1
2,0-1-4,stone14,1,1
2,0-1-4-1,ice15,1,1
2,0-1-4-1-4,stone9,1,1
2,0-1-4-1-4-1,stone11,1,0
2,0-2,ice12,1,1
2,0-2-4,ice7,1,1
2,0-2-4-10,wood14,1,0
2,0-2,ice12,1,1
2,0-2-5,stone10,1,1
2,0-2-5-7,stone7,1,1
2,0-2-5-7-5,ice6,1,1
2,0-2-5-7-5-0,ice6,1,2
2,0-9,stone15,1,1
2,0-9-11,wood15,1,0
2,0-4,ice12,1,1
2,0-4-0,ice15,1,0
2,0-0,ice12,1,0
2,0-2,ice12,1,0
2,0-0,ice12,1,0
2,0-2,ice12,1,1
2,0-2-10,wood16,1,1
2,0-2-10-2,ice17,1,0
2,0-8,stone15,1,1
2,0-8-3,ice11,1,0
2,0-2,ice12,1,1
2,0-2-0,ice15,1,0
2,0-0,ice12,1,0
2,0-0,ice12,1,0
2,0-8,stone15,1,1
2,0-8-20,ice16,1,1
2,0-8-20-8,stone14,1,1
2,0-8-20-8-3,stone10,1,1
2,0-8-20-8-3-4,wood14,1,1
2,0-8-20-8-3-4-38,stone4,2,2
2,0-7,stone10,1,1
2,0-7-5,ice11,1,0
2,0-1,ice12,1,1
2,0-1-0,ice7,1,1
2,0-1-0-3,stone2,1,1
2,0-1-0-3-9,wood14,1,1
2,0-1-0-3-9-4,stone10,1,2
2,0-2,ice12,1,1
2,0-2-5,stone10,1,1
2,0-2-5-1,ice14,1,0
2,0-10,stone9,1,1
2,0-10-7,stone14,1,1
2,0-10-7-10,ice11,1,1
2,0-10-7-10-8,stone8,1,1
2,0-10-7-10-8-6,ice6,1,2
2,0-6,ice7,1,1
2,0-6-1,ice10,1,0
2,0-7,stone10,1,1
2,0-7-6,ice6,1,1
2,0-7-6-2,ice10,1,1
2,0-7-6-2-6,stone0,1,1
2,0-7-6-2-6-6,stone0,1,1
2,0-2,ice12,1,1
2,0-2-4,ice7,1,1
2,0-2-4-5,stone12,1,1
2,0-2-4-5-11,stone5,1,1
2,0-2-4-5-11-13,wood15,1,2
2,0-8,stone15,1,1
2,0-8-13,ice11,1,0
2,0-10,stone9,1,1
2,0-10-5,ice11,1,0
2,0-7,stone10,1,1
2,0-7-2,ice11,1,1
2,0-7-2-3,ice12,1,0
2,0-8,stone15,1,1
2,0-8-10,ice11,1,0
2,0-2,ice12,1,1
2,0-2-10,wood16,1,0
2,0-10,stone9,1,1
2,0-10-2,ice11,1,1
2,0-10-2-1,ice14,1,0
2,0-4,ice12,1,1
2,0-4-1,ice15,1,0
2,0-4,ice12,1,1
2,0-4-3,ice15,1,1
2,0-4-3-0,ice6,1,1
2,0-4-3-0-5,stone3,1,1
2,0-4-3-0-5-0,stone3,1,1
2,0-1,ice12,1,1
2,0-1-2,stone12,1,0
2,0-1,ice12,1,1
2,0-1-1,stone10,1,1
2,0-1-1-3,ice14,1,1
2,0-1-1-3-0,ice14,1,1
2,0-1-1-3-0-0,ice14,1,1
2,0-7,stone10,1,1
2,0-7-9,stone7,1,1
2,0-7-9-6,ice11,1,0
2,0-1,ice12,1,1
2,0-1-5,stone9,1,1
2,0-1-5-3,ice14,1,1
2,0-1-5-3-9,ice15,1,0
2,0-8,stone15,1,1
2,0-8-12,ice11,1,1
2,0-8-12-5,stone7,1,1
2,0-8-12-5-1,ice7,1,1
2,0-8-12-5-1-0,stone0,1,2
2,0-0,ice12,1,0
2,0-10,stone9,1,1
2,0-10-6,ice6,1,1
2,0-10-6-5,ice10,1,1
2,0-10-6-5-7,stone3,1,1
2,0-10-6-5-7-4,stone14,1,0
2,0-4,ice12,1,0
2,0-8,stone15,1,1
2,0-8-24,stone8,1,1
2,0-8-24-21,ice6,1,1
2,0-8-24-21-16,ice10,1,1
2,0-8-24-21-16-4,ice10,1,2
2,0-1,ice12,1,1
2,0-1-5,stone9,1,1
2,0-1-5-8,stone8,1,1
2,0-1-5-8-6,stone11,1,1
2,0-1-5-8-6-9,stone9,1,2
2,0-4,ice12,1,1
2,0-4-7,stone14,1,0
2,0-6,ice7,1,1
2,0-6-9,stone3,1,1
2,0-6-9-3,ice10,1,1
2,0-6-9-3-2,ice11,1,0
2,0-8,stone15,1,1
2,0-8-2,ice11,1,0
2,0-8,stone15,1,1
2,0-8-23,stone13,1,1
2,0-8-23-8,stone8,1,1
2,0-8-23-8-8,stone14,1,1
2,0-8-23-8-8-2,ice11,1,2
2,0-9,stone15,1,1
2,0-9-11,wood15,1,1
2,0-9-11-11,ice12,1,0
2,0-10,stone9,1,1
2,0-10-8,stone14,1,1
2,0-10-8-0,ice12,1,0
2,0-2,ice12,1,0
2,0-10,stone9,1,1
2,0-10-1,ice11,1,1
2,0-10-1-8,wood15,1,1
2,0-10-1-8-12,ice6,1,1
2,0-10-1-8-12-9,ice14,1,0
2,0-10,stone9,1,1
2,0-10-2,ice11,1,1
2,0-10-2-4,ice6,1,1
2,0-10-2-4-3,ice13,1,0
2,0-1,ice12,1,1
2,0-1-6,wood13,1,0
2,0-10,stone9,1,1
2,0-10-7,stone14,1,1
2,0-10-7-3,ice11,1,1
2,0-10-7-3-2,stone12,1,0
2,0-1,ice12,1,1
2,0-1-0,ice7,1,1
2,0-1-0-1,stone12,1,1
2,0-1-0-1-2,stone3,1,1
2,0-1-0-1-2-5,stone12,1,2
2,0-8,stone15,1,1
2,0-8-21,ice6,1,1
2,0-8-21-15,ice10,1,0
2,0-0,ice12,1,0
2,0-0,ice12,1,1
2,0-0-3,stone12,1,1
2,0-0-3-3,ice14,1,1
2,0-0-3-3-7,stone7,1,1
2,0-0-3-3-7-2,stone11,1,2
2,0-8,stone15,1,1
2,0-8-4,ice11,1,1
2,0-8-4-0,ice6,1,1
2,0-8-4-0-2,stone11,1,1
2,0-8-4-0-2-1,stone10,1,2
2,0-8,stone15,1,1
2,0-8-8,ice11,1,0
2,0-2,ice12,1,1
2,0-2-9,wood16,1,1
2,0-2-9-14,stone12,1,0
2,0-6,ice7,1,1
2,0-6-9,stone3,1,1
2,0-6-9-10,stone4,1,1
2,0-6-9-10-1,ice9,1,1
2,0-6-9-10-1-3,stone4,1,2
2,0-2,ice12,1,1
2,0-2-10,wood16,1,0
2,0-0,ice12,1,0
2,0-7,stone10,1,1
2,0-7-2,ice11,1,1
2,0-7-2-4,ice12,1,0
2,0-7,stone10,1,1
2,0-7-6,ice6,1,1
2,0-7-6-10,stone2,1,1
2,0-7-6-10-6,stone1,1,1
2,0-7-6-10-6-4,ice10,1,2
2,0-6,ice7,1,1
2,0-6-0,ice10,1,1
2,0-6-0-6,stone9,1,1
2,0-6-0-6-1,ice14,1,0
2,0-7,stone10,1,1
2,0-7-1,ice11,1,0
2,0-4,ice12,1,1
2,0-4-9,wood16,1,0
2,0-8,stone15,1,1
2,0-8-22,stone13,1,0
2,0-1,ice12,1,1
2,0-1-4,stone14,1,1
2,0-1-4-2,ice15,1,1
2,0-1-4-2-1,stone10,1,1
2,0-1-4-2-1-1,stone11,1,0
2,0-4,ice12,1,1
2,0-4-6,stone12,1,0
2,0-6,ice7,1,1
2,0-6-7,stone13,1,1
2,0-6-7-8,wood13,1,0
2,0-5,ice12,1,1
2,0-5-2,stone10,1,1
2,0-5-2-8,stone8,1,1
2,0-5-2-8-9,stone8,1,1
2,0-5-2-8-9-6,stone14,1,2
2,0-8,stone15,1,1
2,0-8-15,ice11,1,0
2,0-1,ice12,1,1
2,0-1-2,stone12,1,1
2,0-1-2-0,stone12,1,0
2,0-2,ice12,1,1
2,0-2-7,stone14,1,1
2,0-2-7-1,ice17,1,0
2,0-4,ice12,1,1
2,0-4-18,stone16,1,1
2,0-4-18-8,ice13,1,0
2,0-8,stone15,1,1
2,0-8-19,ice16,1,1
2,0-8-19-18,ice16,1,1
2,0-8-19-18-12,ice11,1,0
2,0-0,ice12,1,0
2,0-10,stone9,1,1
2,0-10-2,ice11,1,0
2,0-4,ice12,1,1
2,0-4-14,ice14,1,1
2,0-4-14-5,stone7,1,1
2,0-4-14-5-0,stone7,1,1
2,0-4-14-5-0-2,stone11,1,2
2,0-4,ice12,1,1
2,0-4-6,ice12,1,1
2,0-4-6-2,stone13,1,1
2,0-4-6-2-3,stone9,1,1
2,0-4-6-2-3-2,stone12,1,1
2,0-7,stone10,1,1
2,0-7-6,ice6,1,1
2,0-7-6-4,ice10,1,0
2,0-9,stone15,1,1
2,0-9-1,ice11,1,0
2,0-2,ice12,1,1
2,0-2-6,stone12,1,1
2,0-2-6-8,wood17,1,1
2,0-2-6-8-0,ice15,1,0
2,0-4,ice12,1,1
2,0-4-4,ice12,1,0
2,0-10,stone9,1,1
2,0-10-7,stone14,1,1
2,0-10-7-8,ice11,1,1
2,0-10-7-8-1,ice11,1,1
2,0-10-7-8-1-1,stone9,1,2
2,0-3,ice12,1,0
2,0-5,ice12,1,0
2,0-8,stone15,1,1
2,0-8-3,ice11,1,0
2,0-4,ice12,1,1
2,0-4-0,ice12,1,0
2,0-10,stone9,1,1
2,0-10-6,ice6,1,1
2,0-10-6-0,ice10,1,0
2,0-6,ice7,1,1
2,0-6-0,ice10,1,0
2,0-5,ice12,1,0
2,0-8,stone15,1,1
2,0-8-14,ice11,1,1
2,0-8-14-9,stone7,1,1
2,0-8-14-9-13,wood14,1,0
2,0-2,ice12,1,0
2,0-7,stone10,1,1
2,0-7-4,ice11,1,1
2,0-7-4-10,ice6,1,1
2,0-7-4-10-5,ice11,1,0
2,0-2,ice12,1,1
2,0-2-8,stone9,1,1
2,0-2-8-1,ice14,1,0
2,0-8,stone15,1,1
2,0-8-9,ice11,1,0
2,0-4,ice12,1,1
2,0-4-8,ice12,1,1
2,0-4-8-3,stone9,1,1
2,0-4-8-3-2,stone9,1,1
2,0-4-8-3-2-0,stone9,1,2
2,0-6,ice7,1,1
2,0-6-9,stone3,1,1
2,0-6-9-7,stone13,1,1
2,0-6-9-7-31,stone3,1,1
2,0-6-9-7-31-26,ice9,1,0
2,0-1,ice12,1,1
2,0-1-6,wood13,1,1
2,0-1-6-1,stone10,1,1
2,0-1-6-1-3,stone9,1,1
2,0-1-6-1-3-0,stone9,1,2
2,0-5,ice12,1,1
2,0-5-7,stone9,1,1
2,0-5-7-4,stone13,1,1
2,0-5-7-4-7,stone14,1,1
2,0-5-7-4-7-5,stone13,1,2
2,0-10,stone9,1,1
2,0-10-4,ice11,1,1
2,0-10-4-8,stone14,1,1
2,0-10-4-8-3,ice12,1,0
2,0-2,ice12,1,1
2,0-2-8,stone9,1,1
2,0-2-8-2,ice14,1,1
2,0-2-8-2-1,ice14,1,0
2,0-10,stone9,1,1
2,0-10-9,stone9,1,1
2,0-10-9-2,ice12,1,1
2,0-10-9-2-8,stone9,1,1
2,0-10-9-2-8-10,wood15,1,2
2,0-9,stone15,1,1
2,0-9-10,ice11,1,0
2,0-6,ice7,1,1
2,0-6-9,stone3,1,1
2,0-6-9-6,ice10,1,0
2,0-4,ice12,1,0
2,0-7,stone10,1,1
2,0-7-1,ice11,1,1
2,0-7-1-1,stone11,1,1
2,0-7-1-1-0,ice6,1,1
2,0-7-1-1-0-4,stone14,1,0
2,0-8,stone15,1,1
2,0-8-5,ice11,1,0
2,0-8,stone15,1,1
2,0-8-21,ice6,1,1
2,0-8-21-1,ice11,1,0
2,0-2,ice12,1,1
2,0-2-2,ice15,1,0
2,0-2,ice12,1,1
2,0-2-6,stone12,1,1
2,0-2-6-1,ice16,1,0
2,0-9,stone15,1,1
2,0-9-30,stone7,1,1
2,0-9-30-6,ice6,1,1
2,0-9-30-6-6,stone0,1,1
2,0-9-30-6-6-9,stone4,1,1
2,0-6,ice7,1,1
2,0-6-4,ice10,1,1
2,0-6-4-0,ice10,1,1
2,0-6-4-0-10,stone3,1,1
2,0-6-4-0-10-9,stone4,1,2
2,0-6,ice7,1,1
2,0-6-9,stone3,1,1
2,0-6-9-7,stone13,1,1
2,0-6-9-7-18,ice10,1,0
2,0-10,stone9,1,1
2,0-10-3,ice11,1,1
2,0-10-3-2,stone12,1,0
2,0-5,ice12,1,0
2,0-8,stone15,1,1
2,0-8-11,ice11,1,1
2,0-8-11-6,ice17,1,1
2,0-8-11-6-20,ice17,1,1
2,0-8-11-6-20-1,stone11,1,2
2,0-10,stone9,1,1
2,0-10-0,ice11,1,0
2,0-9,stone15,1,1
2,0-9-19,ice11,1,0
2,0-4,ice12,1,1
2,0-4-3,ice12,1,1
2,0-4-3-3,stone13,1,0
2,0-7,stone10,1,1
2,0-7-1,ice11,1,1
2,0-7-1-3,stone13,1,1
2,0-7-1-3-3,stone11,1,1
2,0-7-1-3-3-10,stone7,1,2
2,0-10,stone9,1,1
2,0-10-8,stone14,1,1
2,0-10-8-7,stone13,1,1
2,0-10-8-7-1,ice11,1,1
2,0-10-8-7-1-2,wood11,1,0
2,0-5,ice12,1,0
2,0-8,stone15,1,1
2,0-8-12,ice11,1,0
2,0-1,ice12,1,1
2,0-1-3,stone14,1,1
2,0-1-3-0,stone14,1,1
2,0-1-3-0-0,stone14,1,1
2,0-1-3-0-0-4,stone12,1,2
2,0-4,ice12,1,1
2,0-4-11,ice12,1,1
2,0-4-11-0,ice7,1,1
2,0-4-11-0-2,stone3,1,1
2,0-4-11-0-2-1,stone3,1,2
2,0-8,stone15,1,1
2,0-8-23,stone13,1,1
2,0-8-23-5,ice12,1,0
2,0-7,stone10,1,1
2,0-7-2,ice11,1,1
2,0-7-2-3,ice12,1,0
2,0-7,stone10,1,1
2,0-7-1,ice11,1,1
2,0-7-1-0,ice6,1,1
2,0-7-1-0-3,stone12,1,1
2,0-7-1-0-3-0,stone0,1,1
2,0-10,stone9,1,1
2,0-10-1,ice11,1,1
2,0-10-1-3,stone12,1,1
2,0-10-1-3-4,stone9,1,1
2,0-10-1-3-4-4,stone9,1,2
2,0-10,stone9,1,1
